Date,Close,log_return
2016-04-19,2100.8,0.0030797566260183373
2016-04-20,2102.4,0.0007613247417594948
2016-04-21,2091.48,-0.0052075999687009045
2016-04-22,2091.58,4.781188891378463e-05
2016-04-25,2087.79,-0.001813670978593862
2016-04-26,2091.7,0.0018710422279637484
2016-04-27,2095.15,0.0016480173786206365
2016-04-28,2075.81,-0.009273710899119436
2016-04-29,2065.3,-0.005075944645771102
2016-05-02,2081.43,0.00777966318189538
2016-05-03,2063.37,-0.00871458902512412
2016-05-04,2051.12,-0.005954583044667672
2016-05-05,2050.63,-0.00023892241230250022
2016-05-06,2057.14,0.0031696056255201555
2016-05-09,2058.69,0.0007531895502363994
2016-05-10,2084.39,0.012406388310732375
2016-05-11,2064.46,-0.009607555492817887
2016-05-12,2064.11,-0.00016955023208442555
2016-05-13,2046.61,-0.008514374961630544
2016-05-16,2066.66,0.009749011760057158
2016-05-17,2047.21,-0.009455886999175434
2016-05-18,2047.63,0.00020513622093787376
2016-05-19,2040.04,-0.0037136112860123305
2016-05-20,2052.32,0.006001445062372213
2016-05-23,2048.04,-0.002087622332874517
2016-05-24,2076.06,0.013588628383570445
2016-05-25,2090.54,0.00695053918975308
2016-05-26,2090.1,-0.00021049408780715595
2016-05-27,2099.06,0.004277713748401801
2016-05-31,2096.96,-0.0010009486014519453
2016-06-01,2099.33,0.001129569334814562
2016-06-02,2105.26,0.0028207287425612293
2016-06-03,2099.13,-0.002916001771314569
2016-06-06,2109.41,0.0048853143586375936
2016-06-07,2112.13,0.00128862944631436
2016-06-08,2119.12,0.003303991188785993
2016-06-09,2115.48,-0.0017191710652788572
2016-06-10,2096.07,-0.00921757425582026
2016-06-13,2079.06,-0.008148294359402009
2016-06-14,2075.32,-0.0018005098283602194
2016-06-15,2071.5,-0.0018423761246140202
2016-06-16,2077.99,0.003128097810598973
2016-06-17,2071.22,-0.0032632746994192274
2016-06-20,2083.25,0.005791368633680349
2016-06-21,2088.9,0.0027084373542942686
2016-06-22,2085.45,-0.0016529523329484874
2016-06-23,2113.32,0.013275511311332089
2016-06-24,2037.41,-0.036580777234719086
2016-06-27,2000.54,-0.018262249261632668
2016-06-28,2036.09,0.017614157916988837
2016-06-29,2070.77,0.016889216752452363
2016-06-30,2098.86,0.013473821400287633
2016-07-01,2102.95,0.0019467806929593934
2016-07-05,2088.55,-0.0068710755834286985
2016-07-06,2099.73,0.005338719739026665
2016-07-07,2097.9,-0.0008719206389979917
2016-07-08,2129.9,0.015138185866623743
2016-07-11,2137.16,0.003402814586803693
2016-07-12,2152.14,0.006984851096364153
2016-07-13,2152.43,0.00013474052016348992
2016-07-14,2163.75,0.005245391042532965
2016-07-15,2161.74,-0.0009293745423875066
2016-07-18,2166.89,0.0023795068786034435
2016-07-19,2163.78,-0.0014362676143067077
2016-07-20,2173.02,0.004261212867369579
2016-07-21,2165.17,-0.003619024785839642
2016-07-22,2175.03,0.004543577237250851
2016-07-25,2168.48,-0.003015996263402876
2016-07-26,2169.18,0.00032275466775910644
2016-07-27,2166.58,-0.0011993285198670378
2016-07-28,2170.06,0.001604929506244801
2016-07-29,2173.6,0.0016299621902948758
2016-08-01,2170.84,-0.0012705897060660831
2016-08-02,2157.03,-0.006381913907791414
2016-08-03,2163.79,0.0031290382452997534
2016-08-04,2164.25,0.00021256735230323898
2016-08-05,2182.87,0.008566643604324575
2016-08-08,2180.89,-0.0009074743505044225
2016-08-09,2181.74,0.00038967320664617944
2016-08-10,2175.49,-0.00286879705062848
2016-08-11,2185.79,0.004723392742399746
2016-08-12,2184.05,-0.0007963678724891565
2016-08-15,2190.15,0.0027890832400512267
2016-08-16,2178.15,-0.00549414197082676
2016-08-17,2182.22,0.0018668145969238381
2016-08-18,2187.02,0.0021971793405901607
2016-08-19,2183.87,-0.0014413542987101735
2016-08-22,2182.64,-0.0005633790063610533
2016-08-23,2186.9,0.0019498626169784927
2016-08-24,2175.44,-0.00525407298057079
2016-08-25,2172.47,-0.0013661738453381034
2016-08-26,2169.04,-0.0015800957333471644
2016-08-29,2180.38,0.005214500184160364
2016-08-30,2176.12,-0.001955699005067757
2016-08-31,2170.95,-0.0023786147623905407
2016-09-01,2170.86,-4.1457364560848475e-05
2016-09-02,2179.98,0.004192300041961694
2016-09-06,2186.48,0.002977242343370712
2016-09-07,2186.16,-0.00014636466783102264
2016-09-08,2181.3,-0.002225550780543095
2016-09-09,2127.81,-0.024827747563078262
2016-09-12,2159.04,0.014570396678018405
2016-09-13,2127.02,-0.014941739368127038
2016-09-14,2125.77,-0.0005878494052122818
2016-09-15,2147.26,0.010058521089339578
2016-09-16,2139.16,-0.0037793821611114
2016-09-19,2139.12,-1.8699103377706194e-05
2016-09-20,2139.76,0.00029914370338612883
2016-09-21,2163.12,0.010857950722305887
2016-09-22,2177.18,0.00647883749098721
2016-09-23,2164.69,-0.005753297289881942
2016-09-26,2146.1,-0.008624922689933534
2016-09-27,2159.93,0.006423572318236204
2016-09-28,2171.37,0.005282490985375254
2016-09-29,2151.13,-0.009365019283515963
2016-09-30,2168.27,0.007936329103086948
2016-10-03,2161.2,-0.0032659915807071727
2016-10-04,2150.49,-0.004967899838308476
2016-10-05,2159.73,0.004287490733457133
2016-10-06,2160.77,0.00048142577020549027
2016-10-07,2153.74,-0.0032587738683274026
2016-10-10,2163.66,0.004595366404335444
2016-10-11,2136.73,-0.01252460917831133
2016-10-12,2139.18,0.0011459550215580094
2016-10-13,2132.55,-0.0031041312647026587
2016-10-14,2132.98,0.00020161621250114337
2016-10-17,2126.5,-0.003042627268629694
2016-10-18,2139.6,0.006141459963406426
2016-10-19,2144.29,0.002189599580656676
2016-10-20,2141.34,-0.0013766939590791338
2016-10-21,2141.16,-8.40630473346593e-05
2016-10-24,2151.33,0.004738517284547328
2016-10-25,2143.16,-0.0038048801401329158
2016-10-26,2139.43,-0.0017419369788722605
2016-10-27,2133.04,-0.0029912461712182647
2016-10-28,2126.41,-0.0031130804936907452
2016-10-31,2126.15,-0.00012227928604158222
2016-11-01,2111.72,-0.00681005116629585
2016-11-02,2097.94,-0.006546870397736271
2016-11-03,2088.66,-0.004433198871882205
2016-11-04,2085.18,-0.0016675295681620739
2016-11-07,2131.52,0.021980157782961918
2016-11-08,2139.56,0.0037648601743320853
2016-11-09,2163.26,0.011016142751233637
2016-11-10,2167.48,0.0019488592414456107
2016-11-11,2164.45,-0.00139891479970089
2016-11-14,2164.2,-0.00011550945457727835
2016-11-15,2180.39,0.007452981727622543
2016-11-16,2176.94,-0.0015835388740041978
2016-11-17,2187.12,0.004665388864814268
2016-11-18,2181.9,-0.002389553027375868
2016-11-21,2198.18,0.0074336884116066315
2016-11-22,2202.94,0.002163086603401254
2016-11-23,2204.72,0.0008076848471825215
2016-11-25,2213.35,0.003906688203705322
2016-11-28,2201.72,-0.005268331826910888
2016-11-29,2204.66,0.001334428912746155
2016-11-30,2198.81,-0.002656997068934963
2016-12-01,2191.08,-0.0035217319747591347
2016-12-02,2191.95,0.0003969856521290893
2016-12-05,2204.71,0.005804422368380635
2016-12-06,2212.23,0.0034050755798862298
2016-12-07,2241.35,0.013077306345681272
2016-12-08,2246.19,0.0021570846729908055
2016-12-09,2259.53,0.005921379481215183
2016-12-12,2256.96,-0.0011380520171107023
2016-12-13,2271.72,0.006518478790004778
2016-12-14,2253.28,-0.00815032136007865
2016-12-15,2262.03,0.0038757077378477334
2016-12-16,2258.07,-0.0017521740727586277
2016-12-19,2262.53,0.0019731900398509694
2016-12-20,2270.76,0.003630921049278868
2016-12-21,2265.18,-0.0024603512457384014
2016-12-22,2260.96,-0.001864724123785244
2016-12-23,2263.79,0.00125089800277145
2016-12-27,2268.88,0.0022459178098381827
2016-12-28,2249.92,-0.00839165763624905
2016-12-29,2249.26,-0.00029338679703094783
2016-12-30,2238.83,-0.0046478652506074525
2017-01-03,2257.83,0.008450767046808139
2017-01-04,2270.75,0.0057059983723570795
2017-01-05,2269.0,-0.0007709676024818535
2017-01-06,2276.98,0.003510797758279338
2017-01-09,2268.9,-0.003554871008026872
2017-01-10,2268.9,0.0
2017-01-11,2275.32,0.0028255693040186713
2017-01-12,2270.44,-0.0021470565426557897
2017-01-13,2274.64,0.001848152813804127
2017-01-17,2267.89,-0.0029719143156583527
2017-01-18,2271.89,0.0017622003864135038
2017-01-19,2263.69,-0.0036158590231876175
2017-01-20,2271.31,0.003360532379786285
2017-01-23,2265.2,-0.00269370229296495
2017-01-24,2280.07,0.0065430889919335655
2017-01-25,2298.37,0.007994031790009792
2017-01-26,2296.68,-0.0007355741836105878
2017-01-27,2294.69,-0.0008668437196783785
2017-01-30,2280.9,-0.0060276562158030345
2017-01-31,2278.87,-0.0008903958463326589
2017-02-01,2279.55,0.0002983489915555637
2017-02-02,2280.85,0.0005701254430370284
2017-02-03,2297.42,0.007238573675816262
2017-02-06,2292.56,-0.0021176570774645853
2017-02-07,2293.08,0.00022679495216770817
2017-02-08,2294.67,0.0006931502647971044
2017-02-09,2307.87,0.005735978912330353
2017-02-10,2316.1,0.0035597154352586813
2017-02-13,2328.25,0.005232175748100865
2017-02-14,2337.58,0.003999293774357149
2017-02-15,2349.25,0.004979922087049893
2017-02-16,2347.22,-0.0008644791200298485
2017-02-17,2351.16,0.0016771742275309975
2017-02-21,2365.38,0.006029862181035739
2017-02-22,2362.82,-0.0010828646208507209
2017-02-23,2363.81,0.0004189031146832889
2017-02-24,2367.34,0.0014922378935526837
2017-02-27,2369.75,0.0010175023940544037
2017-02-28,2363.64,-0.002581660667547503
2017-03-01,2395.96,0.013581181939564146
2017-03-02,2381.92,-0.005877100476419983
2017-03-03,2383.12,0.0005036683953827392
2017-03-06,2375.31,-0.0032825982574173906
2017-03-07,2368.39,-0.0029175558777589927
2017-03-08,2362.98,-0.00228686505504605
2017-03-09,2364.87,0.0007995177937871745
2017-03-10,2372.6,0.003263348099308061
2017-03-13,2373.47,0.000366619122661227
2017-03-14,2365.45,-0.0033847406821552184
2017-03-15,2385.26,0.008339854388316859
2017-03-16,2381.38,-0.001627981495114561
2017-03-17,2378.25,-0.0013152284741453357
2017-03-20,2373.47,-0.0020119037369017434
2017-03-21,2344.02,-0.012485615265953598
2017-03-22,2348.45,0.001888131971474749
2017-03-23,2345.96,-0.0010608362855029085
2017-03-24,2343.98,-0.0008443605323886771
2017-03-27,2341.59,-0.001020153452953032
2017-03-28,2358.57,0.007225317380816776
2017-03-29,2361.13,0.0010848148191859863
2017-03-30,2368.06,0.002930736536392864
2017-03-31,2362.72,-0.0022575567952731745
2017-04-03,2358.84,-0.0016435249677559938
2017-04-04,2360.16,0.0005594405740314556
2017-04-05,2352.95,-0.0030595532989128316
2017-04-06,2357.49,0.0019276336842422026
2017-04-07,2355.54,-0.0008274931885736692
2017-04-10,2357.16,0.0006875040056906201
2017-04-11,2353.78,-0.0014349580253538718
2017-04-12,2344.93,-0.0037669958202624088
2017-04-13,2328.95,-0.006838028476069624
2017-04-17,2349.01,0.00857644056804574
2017-04-18,2342.19,-0.002907573671845576
2017-04-19,2338.17,-0.0017178170006362237
2017-04-20,2355.84,0.00752877964253873
2017-04-21,2348.69,-0.0030396258521454556
2017-04-24,2374.15,0.01078175277383675
2017-04-25,2388.61,0.00607212810606228
2017-04-26,2387.45,-0.00048575605114287157
2017-04-27,2388.77,0.0005527383720211887
2017-04-28,2384.2,-0.001914950815332439
2017-05-01,2388.33,0.0017307386358744736
2017-05-02,2391.17,0.0011884089692433264
2017-05-03,2388.13,-0.0012721529972958834
2017-05-04,2389.52,0.0005818760433342618
2017-05-05,2399.29,0.0040803513003337955
2017-05-08,2399.38,3.7510393508632944e-05
2017-05-09,2396.92,-0.0010257908036237495
2017-05-10,2399.63,0.0011299789591925347
2017-05-11,2394.44,-0.0021651757390088733
2017-05-12,2390.9,-0.0014795189665717245
2017-05-15,2402.32,0.004765073002474196
2017-05-16,2400.67,-0.0006870720384215545
2017-05-17,2357.03,-0.01834551314368671
2017-05-18,2365.72,0.003680063440703485
2017-05-19,2381.73,0.0067446990247326255
2017-05-22,2394.02,0.005146846937212679
2017-05-23,2398.42,0.0018362259042570273
2017-05-24,2404.39,0.002486045908441703
2017-05-25,2415.07,0.004432039059246051
2017-05-26,2415.82,0.00031050179409053413
2017-05-30,2412.91,-0.0012052860078259897
2017-05-31,2411.8,-0.0004601312906196142
2017-06-01,2430.06,0.0075425917183000735
2017-06-02,2439.07,0.003700870703284842
2017-06-05,2436.1,-0.0012184192007351768
2017-06-06,2429.33,-0.0027829007381505733
2017-06-07,2433.14,0.0015671051049048756
2017-06-08,2433.79,0.0002671088361099194
2017-06-09,2431.77,-0.0008303258478186137
2017-06-12,2429.39,-0.0009791902303826205
2017-06-13,2440.35,0.004501274608283978
2017-06-14,2437.92,-0.0009962549022448641
2017-06-15,2432.46,-0.0022421257837548225
2017-06-16,2433.15,0.0002836232269434191
2017-06-19,2453.46,0.008312558992557229
2017-06-20,2437.03,-0.0067191883898738425
2017-06-21,2435.61,-0.0005828462764325693
2017-06-22,2434.5,-0.00045584186772806845
2017-06-23,2438.3,0.0015596785299303306
2017-06-26,2439.07,0.0003157439383913996
2017-06-27,2419.38,-0.008105510111855452
2017-06-28,2440.69,0.008769477216596933
2017-06-29,2419.7,-0.00863722067177175
2017-06-30,2423.41,0.001532073698797376
2017-07-03,2429.01,0.0023081276913972104
2017-07-05,2432.54,0.0014522119983846338
2017-07-06,2409.75,-0.009412971248548452
2017-07-07,2425.18,0.006382740756956551
2017-07-10,2427.43,0.0009273360773853767
2017-07-11,2425.53,-0.0007830273058413439
2017-07-12,2443.25,0.007279063026366828
2017-07-13,2447.83,0.0018727975574499567
2017-07-14,2459.27,0.004662640144142749
2017-07-17,2459.14,-5.286261211612242e-05
2017-07-18,2460.61,0.0005975913588072146
2017-07-19,2473.83,0.005358270292070699
2017-07-20,2473.45,-0.0001536197671230255
2017-07-21,2472.54,-0.0003679748686389317
2017-07-24,2469.91,-0.0010642496123312029
2017-07-25,2477.13,0.002918919243124485
2017-07-26,2477.83,0.00028254516874248736
2017-07-27,2475.42,-0.0009730985474876164
2017-07-28,2472.1,-0.0013420867417748283
2017-07-31,2470.3,-0.0007283910972732954
2017-08-01,2476.35,0.0024461011054492943
2017-08-02,2477.57,0.0004925392516081928
2017-08-03,2472.16,-0.0021859786914877333
2017-08-04,2476.83,0.0018872543230461503
2017-08-07,2480.91,0.001645911613383788
2017-08-08,2474.92,-0.0024173560904774405
2017-08-09,2474.02,-0.0003637142539298921
2017-08-10,2438.21,-0.014580194485226627
2017-08-11,2441.32,0.0012747131060235617
2017-08-14,2465.84,0.009993643603759317
2017-08-15,2464.61,-0.0004989402693533762
2017-08-16,2468.11,0.0014190955851409726
2017-08-17,2430.01,-0.015557302982010413
2017-08-18,2425.55,-0.0018370697733356423
2017-08-21,2428.37,0.001161947587631218
2017-08-22,2452.51,0.009891739536413091
2017-08-23,2444.04,-0.0034595821335070553
2017-08-24,2438.97,-0.002076588752393249
2017-08-25,2443.05,0.001671439670407615
2017-08-28,2444.24,0.0004869774552016537
2017-08-29,2446.3,0.0008424428066566847
2017-08-30,2457.59,0.004604515985120017
2017-08-31,2471.65,0.005704748858195607
2017-09-01,2476.55,0.001980518815597243
2017-09-05,2457.85,-0.007579478568344733
2017-09-06,2465.54,0.003123866382146012
2017-09-07,2465.1,-0.00017847581700003445
2017-09-08,2461.43,-0.0014898927557061015
2017-09-11,2488.11,0.01078090425084266
2017-09-12,2496.48,0.0033583535924837093
2017-09-13,2498.37,0.0007567795189853399
2017-09-14,2495.62,-0.001101323902514828
2017-09-15,2500.23,0.0018455323152091196
2017-09-18,2503.87,0.001454807314798856
2017-09-19,2506.65,0.0011096653781503818
2017-09-20,2508.24,0.0006341116368568933
2017-09-21,2500.6,-0.0030506088934592057
2017-09-22,2502.22,0.0006476347566470864
2017-09-25,2496.66,-0.002224499204925401
2017-09-26,2496.84,7.209372187055862e-05
2017-09-27,2507.04,0.00407684202160663
2017-09-28,2510.06,0.0012038828664966417
2017-09-29,2519.36,0.0036982437735080254
2017-10-02,2529.12,0.0038665151329828618
2017-10-03,2534.58,0.002156526696299288
2017-10-04,2537.74,0.001245978332918618
2017-10-05,2552.07,0.0056308733972807445
2017-10-06,2549.33,-0.0010742150246922932
2017-10-09,2544.73,-0.001806025547531398
2017-10-10,2550.64,0.002319754070958524
2017-10-11,2555.24,0.0018018446358105678
2017-10-12,2550.93,-0.0016881541443298786
2017-10-13,2553.17,0.0008777258062382387
2017-10-16,2557.64,0.001749233933479033
2017-10-17,2559.36,0.0006722689328819698
2017-10-18,2561.26,0.0007420976706713489
2017-10-19,2562.1,0.0003279098121256041
2017-10-20,2575.21,0.005103849469401567
2017-10-23,2564.98,-0.003980402867081345
2017-10-24,2569.13,0.0016166388736671422
2017-10-25,2557.15,-0.004673963111462065
2017-10-26,2560.4,0.0012701392021270408
2017-10-27,2581.07,0.008040545353815709
2017-10-30,2572.83,-0.0031975812572380136
2017-10-31,2575.26,0.0009440395099815646
2017-11-01,2579.36,0.0015908062532812295
2017-11-02,2579.85,0.0001899515629224524
2017-11-03,2587.84,0.0030922932168460093
2017-11-06,2591.13,0.0012705230741127949
2017-11-07,2590.64,-0.00018912456610831185
2017-11-08,2594.38,0.0014426176364308319
2017-11-09,2584.62,-0.003769071849442085
2017-11-10,2582.3,-0.0008980205445068279
2017-11-13,2584.84,0.0009831358177203597
2017-11-14,2578.87,-0.0023122919993499025
2017-11-15,2564.62,-0.005540998994613133
2017-11-16,2585.64,0.008162740022441106
2017-11-17,2578.85,-0.0026294963926014603
2017-11-20,2582.14,0.0012749493588080085
2017-11-21,2599.03,0.006519786005639183
2017-11-22,2597.08,-0.0007505615129561605
2017-11-24,2602.42,0.0020540443802277153
2017-11-27,2601.42,-0.00038433157526274186
2017-11-28,2627.04,0.009800287295721688
2017-11-29,2626.07,-0.00036930504445020773
2017-11-30,2647.58,0.008157583185788297
2017-12-01,2642.22,-0.0020265423397498594
2017-12-04,2639.44,-0.0010526994379516097
2017-12-05,2629.57,-0.003746438721674572
2017-12-06,2629.27,-0.00011409360251590783
2017-12-07,2636.98,0.0029280818451757895
2017-12-08,2651.5,0.005491194628844731
2017-12-11,2659.99,0.0031968457929973937
2017-12-12,2664.11,0.0015476797289268873
2017-12-13,2662.85,-0.00047306532187096906
2017-12-14,2652.01,-0.004079134739528811
2017-12-15,2675.81,0.00893429519491562
2017-12-18,2690.16,0.005348533148324286
2017-12-19,2681.47,-0.0032355197885935993
2017-12-20,2679.25,-0.0008282469992488828
2017-12-21,2684.57,0.001983661548850435
2017-12-22,2683.34,-0.0004582789284945932
2017-12-26,2680.5,-0.0010589429458702782
2017-12-27,2682.62,0.000790584626270352
2017-12-28,2687.54,0.001832348152224661
2017-12-29,2673.61,-0.005196657936668458
2018-01-02,2695.81,0.008269096661867259
2018-01-03,2713.06,0.006378433382130844
2018-01-04,2723.99,0.004020568037294225
2018-01-05,2743.15,0.007009177903581687
2018-01-08,2747.71,0.0016609423836406734
2018-01-09,2751.29,0.0013020551030287209
2018-01-10,2748.23,-0.0011128245067881792
2018-01-11,2767.56,0.007008997490407509
2018-01-12,2786.24,0.006726951075669341
2018-01-16,2776.42,-0.0035306886277952643
2018-01-17,2802.56,0.009370957160522941
2018-01-18,2798.03,-0.0016176870607855776
2018-01-19,2810.3,0.004375641082824622
2018-01-22,2832.97,0.008034392098314136
2018-01-23,2839.13,0.0021720359026726754
2018-01-24,2837.54,-0.000560187589407235
2018-01-25,2839.25,0.0006024531651585008
2018-01-26,2872.87,0.011771597314994331
2018-01-29,2853.53,-0.006754705760661395
2018-01-30,2822.43,-0.010958608318405894
2018-01-31,2823.81,0.0004888208887612322
2018-02-01,2821.98,-0.0006482706810171379
2018-02-02,2762.13,-0.021436645011316813
2018-02-05,2648.94,-0.04184256124518182
2018-02-06,2695.14,0.017290591086863927
2018-02-07,2681.66,-0.005014145306667217
2018-02-08,2581.0,-0.038259085020510675
2018-02-09,2619.55,0.014825626559633598
2018-02-12,2656.0,0.013818684318076535
2018-02-13,2662.94,0.0026095439836835155
2018-02-14,2698.63,0.013313461230303858
2018-02-15,2731.2,0.011996836229864805
2018-02-16,2732.22,0.00037339249475554226
2018-02-20,2716.26,-0.005858531424819624
2018-02-21,2701.33,-0.005511689809003073
2018-02-22,2703.96,0.0009731208529206725
2018-02-23,2747.3,0.01590124602558518
2018-02-26,2779.6,0.01168842126055658
2018-02-27,2744.28,-0.012788286983878905
2018-02-28,2713.83,-0.01115782419577016
2018-03-01,2677.67,-0.01341390789066299
2018-03-02,2691.25,0.005058756308713441
2018-03-05,2720.94,0.010971639144904621
2018-03-06,2728.12,0.002635318442213652
2018-03-07,2726.8,-0.0004839667770610845
2018-03-08,2738.97,0.004453176811945347
2018-03-09,2786.57,0.017229511513169093
2018-03-12,2783.02,-0.001274779824276706
2018-03-13,2765.31,-0.006383924585162681
2018-03-14,2749.48,-0.005740941532719646
2018-03-15,2747.33,-0.0007822719394123823
2018-03-16,2752.01,0.0017020228353894495
2018-03-19,2712.92,-0.014306008195446474
2018-03-20,2716.94,0.0014807014304167865
2018-03-21,2711.93,-0.0018456884848019328
2018-03-22,2643.69,-0.025484890016140405
2018-03-23,2588.26,-0.021189833248421053
2018-03-26,2658.55,0.026795026112632847
2018-03-27,2612.62,-0.017427312133270867
2018-03-28,2605.0,-0.002920874045064359
2018-03-29,2640.87,0.013675733119263178
2018-04-02,2581.88,-0.022590592580476354
2018-04-03,2614.45,0.0125359346035534
2018-04-04,2644.69,0.011500105825438922
2018-04-05,2662.84,0.006839366240059874
2018-04-06,2604.47,-0.022164022802027894
2018-04-09,2613.16,0.003331017352751431
2018-04-10,2656.87,0.01658852125511512
2018-04-11,2642.19,-0.005540619488903609
2018-04-12,2663.99,0.008216880187238651
2018-04-13,2656.3,-0.0028908218745016256
2018-04-16,2677.84,0.008076322362107646
2018-04-17,2706.39,0.010605144127270982
2018-04-18,2708.64,0.0008310203745827138
2018-04-19,2693.13,-0.005742577941307836
2018-04-20,2670.14,-0.008573180471046271
2018-04-23,2670.29,5.6175251820889116e-05
2018-04-24,2634.56,-0.01347089561834558
2018-04-25,2639.4,0.0018354334726682353
2018-04-26,2666.94,0.010380129158368057
2018-04-27,2669.91,0.0011130162199064486
2018-04-30,2648.05,-0.008221243907144071
2018-05-01,2654.8,0.0025458022179103423
2018-05-02,2635.67,-0.007231903167589593
2018-05-03,2629.73,-0.0022562397993910466
2018-05-04,2663.42,0.012729831933829594
2018-05-07,2672.63,0.003451995069662317
2018-05-08,2671.92,-0.00026569121971942167
2018-05-09,2697.79,0.009635604216150284
2018-05-10,2723.07,0.009327000979503453
2018-05-11,2727.72,0.0017061751151761229
2018-05-14,2730.13,0.0008831316934818645
2018-05-15,2711.45,-0.006865679959648929
2018-05-16,2722.46,0.004052336187627681
2018-05-17,2720.13,-0.0008562100552644836
2018-05-18,2712.97,-0.002635697537312076
2018-05-21,2733.01,0.007359590175901154
2018-05-22,2724.44,-0.003140663512949615
2018-05-23,2733.29,0.0032431094088005707
2018-05-24,2727.76,-0.002025252246427023
2018-05-25,2721.33,-0.002360028182485152
2018-05-29,2689.86,-0.011631583739264428
2018-05-30,2724.01,0.012615911702765992
2018-05-31,2705.27,-0.006903336878120392
2018-06-01,2734.62,0.010790764075641945
2018-06-04,2746.87,0.004469595089461542
2018-06-05,2748.8,0.0007023711683356026
2018-06-06,2772.35,0.008530883175666304
2018-06-07,2770.37,-0.0007144506972114328
2018-06-08,2779.03,0.0031210606659346496
2018-06-11,2782.0,0.0010681475490628145
2018-06-12,2786.85,0.00174183223690072
2018-06-13,2775.63,-0.0040341772794629804
2018-06-14,2782.49,0.002468461812028977
2018-06-15,2779.66,-0.0010175922059643128
2018-06-18,2773.75,-0.002128422800087293
2018-06-19,2762.59,-0.004031549765964648
2018-06-20,2767.32,0.001710697336311462
2018-06-21,2749.76,-0.006365707692292055
2018-06-22,2754.88,0.0018602493447312796
2018-06-25,2717.07,-0.013819790665146492
2018-06-26,2723.06,0.0022021541473096207
2018-06-27,2699.63,-0.008641521386802076
2018-06-28,2716.31,0.006159615039220689
2018-06-29,2718.37,0.0007580943491278802
2018-07-02,2726.71,0.0030633182696382377
2018-07-03,2713.22,-0.004959632808581027
2018-07-05,2736.61,0.00858380669408465
2018-07-06,2759.82,0.008445532084703444
2018-07-09,2784.17,0.00878434361527436
2018-07-10,2793.84,0.0034671897996760848
2018-07-11,2774.02,-0.007119461953973172
2018-07-12,2798.29,0.008710984661528975
2018-07-13,2801.31,0.0010786485794733736
2018-07-16,2798.43,-0.0010286192765862623
2018-07-17,2809.55,0.0039657825363441646
2018-07-18,2815.62,0.002158157835582486
2018-07-19,2804.49,-0.003960781746415343
2018-07-20,2801.83,-0.0009489291369755293
2018-07-23,2806.98,0.001836397184893812
2018-07-24,2820.4,0.004769546552918058
2018-07-25,2846.07,0.009060376426541339
2018-07-26,2837.44,-0.003036858079784821
2018-07-27,2818.82,-0.006583879546122162
2018-07-30,2802.6,-0.0057707999094027684
2018-07-31,2816.29,0.004872858193981422
2018-08-01,2813.36,-0.0010409173801422256
2018-08-02,2827.22,0.004914398127409569
2018-08-03,2840.35,0.004633387321150373
2018-08-06,2850.4,0.0035320512931100723
2018-08-07,2858.45,0.0028201845679713955
2018-08-08,2857.7,-0.0002624143888114716
2018-08-09,2853.58,-0.001442759141442096
2018-08-10,2833.28,-0.0071392952256221776
2018-08-13,2821.93,-0.004014003101378449
2018-08-14,2839.96,0.006368919546678065
2018-08-15,2818.37,-0.007631263915858
2018-08-16,2840.69,0.007888276759113744
2018-08-17,2850.13,0.003317626865218415
2018-08-20,2857.05,0.0024250166951826913
2018-08-21,2862.96,0.002066430689121823
2018-08-22,2861.82,-0.0003982685850179024
2018-08-23,2856.98,-0.0016926632005294096
2018-08-24,2874.69,0.006179719474591394
2018-08-27,2896.74,0.007641124395723509
2018-08-28,2897.52,0.00026923196567363306
2018-08-29,2914.04,0.005685235804660849
2018-08-30,2901.13,-0.004440118245784497
2018-08-31,2901.52,0.00013442134217545032
2018-09-04,2896.72,-0.0016556752036844813
2018-09-05,2888.6,-0.002807106722542585
2018-09-06,2878.05,-0.0036589741948480636
2018-09-07,2871.68,-0.0022157571246541607
2018-09-10,2877.13,0.0018960451407243895
2018-09-11,2887.89,0.00373286215637858
2018-09-12,2888.92,0.00035659819551447924
2018-09-13,2904.18,0.005268348654683841
2018-09-14,2904.98,0.0002754270858638108
2018-09-17,2888.8,-0.005585314617481352
2018-09-18,2904.31,0.0053546495954313045
2018-09-19,2907.95,0.0012525249991828247
2018-09-20,2930.75,0.0078099973940757295
2018-09-21,2929.67,-0.000368574270180666
2018-09-24,2919.37,-0.0035219491222058252
2018-09-25,2915.56,-0.001305928448663174
2018-09-26,2905.97,-0.0032946695026323525
2018-09-27,2914.0,0.002759466146894596
2018-09-28,2913.98,-6.863441535109871e-06
2018-10-01,2924.59,0.003634455587306462
2018-10-02,2923.43,-0.00039671547471265
2018-10-03,2925.51,0.000711240015347947
2018-10-04,2901.61,-0.008203069104388838
2018-10-05,2885.57,-0.005543301253227106
2018-10-08,2884.43,-0.0003951473188328336
2018-10-09,2880.34,-0.0014189640475690268
2018-10-10,2785.68,-0.033416333989062075
2018-10-11,2728.37,-0.020787647463574643
2018-10-12,2767.13,0.014106320709680986
2018-10-15,2750.79,-0.005922538841602432
2018-10-16,2809.92,0.02126787003864994
2018-10-17,2809.21,-0.0002527081607928139
2018-10-18,2768.78,-0.014496515061646065
2018-10-19,2767.78,-0.00036123513910180094
2018-10-22,2755.88,-0.004308743988789665
2018-10-23,2740.69,-0.005527097324213415
2018-10-24,2656.1,-0.03135083200711897
2018-10-25,2705.57,0.018453729479332104
2018-10-26,2658.69,-0.017479090705259992
2018-10-29,2641.25,-0.006581230333774002
2018-10-30,2682.63,0.015545366655689286
2018-10-31,2711.74,0.010792838671998872
2018-11-01,2740.37,0.010502452503905246
2018-11-02,2723.06,-0.006336699810106872
2018-11-05,2738.31,0.00558469381702853
2018-11-06,2755.45,0.006239826862748821
2018-11-07,2813.89,0.020987099015789212
2018-11-08,2806.83,-0.0025121349979597696
2018-11-09,2781.01,-0.009241561593021252
2018-11-12,2726.22,-0.01989813672759233
2018-11-13,2722.18,-0.0014830044565128375
2018-11-14,2701.58,-0.007596242848709522
2018-11-15,2730.2,0.010538079545353796
2018-11-16,2736.27,0.00222081251512396
2018-11-19,2690.73,-0.0167831468390931
2018-11-20,2641.89,-0.01831796215430881
2018-11-21,2649.93,0.0030386544464438003
2018-11-23,2632.56,-0.00657646776585441
2018-11-26,2673.45,0.015413016366781385
2018-11-27,2682.17,0.0032563952280595387
2018-11-28,2743.79,0.022714007938884784
2018-11-29,2737.76,-0.002200108521254407
2018-11-30,2760.17,0.008152204233589089
2018-12-03,2790.37,0.010881931492828123
2018-12-04,2700.06,-0.03290020854234488
2018-12-06,2695.95,-0.0015233481015792805
2018-12-07,2633.08,-0.02359638323855595
2018-12-10,2637.72,0.0017606440003854473
2018-12-11,2636.78,-0.0003564318930520116
2018-12-12,2651.07,0.005404856335625041
2018-12-13,2650.54,-0.00019993926439898502
2018-12-14,2599.95,-0.019271178750727813
2018-12-17,2545.94,-0.020992280594401613
2018-12-18,2546.16,8.640835809892167e-05
2018-12-19,2506.96,-0.01551547811321008
2018-12-20,2467.42,-0.015897793403096827
2018-12-21,2416.62,-0.020803200653483067
2018-12-24,2351.1,-0.02748656592240728
2018-12-26,2467.7,0.048403238994109365
2018-12-27,2488.83,0.00852617779166831
2018-12-28,2485.74,-0.0012423185913208457
2018-12-31,2506.85,0.008456582977787619
2019-01-02,2510.03,0.001267720346464607
2019-01-03,2447.89,-0.025068276263535694
2019-01-04,2531.94,0.033759378318729105
2019-01-07,2549.69,0.006985975834124858
2019-01-08,2574.41,0.009648598495866523
2019-01-09,2584.96,0.004089652304170244
2019-01-10,2596.64,0.004508267632578722
2019-01-11,2596.26,-0.00014635367547111144
2019-01-14,2582.61,-0.0052714324201366125
2019-01-15,2610.3,0.010664641768124206
2019-01-16,2616.1,0.0022195019060893273
2019-01-17,2635.96,0.007562782854257932
2019-01-18,2670.71,0.013096912647037051
2019-01-22,2632.9,-0.01425845436347739
2019-01-23,2638.7,0.0022004713333094728
2019-01-24,2642.33,0.0013747320396557683
2019-01-25,2664.76,0.008452893602496125
2019-01-28,2643.85,-0.007877809121116464
2019-01-29,2640.0,-0.0014572709979780996
2019-01-30,2681.05,0.01542959167924618
2019-01-31,2704.1,0.008560630907941125
2019-02-01,2706.53,0.000898231874432831
2019-02-04,2724.87,0.00675334893535684
2019-02-05,2737.7,0.004697431279442554
2019-02-06,2731.61,-0.0022269728784429788
2019-02-07,2706.05,-0.009401171920809581
2019-02-08,2707.88,0.0006760338865472448
2019-02-11,2709.8,0.0007087905082547863
2019-02-12,2744.73,0.012807878037835785
2019-02-13,2753.03,0.0030194138361174794
2019-02-14,2745.73,-0.002655145628696509
2019-02-15,2775.6,0.010819962367806468
2019-02-19,2779.76,0.0014976529973074193
2019-02-20,2784.7,0.0017755546082875995
2019-02-21,2774.88,-0.0035326446287138324
2019-02-22,2792.67,0.006390624438174619
2019-02-25,2796.11,0.0012310380564022338
2019-02-26,2793.9,-0.0007906963011299339
2019-02-27,2792.38,-0.0005441904227900807
2019-02-28,2784.49,-0.0028295460586900134
2019-03-01,2803.69,0.006871673980360704
2019-03-04,2792.81,-0.0038881492742657286
2019-03-05,2789.65,-0.0011321175028617958
2019-03-06,2771.45,-0.006545490992497349
2019-03-07,2748.93,-0.0081589038889609
2019-03-08,2743.07,-0.0021340139198384733
2019-03-11,2783.3,0.014559542940995485
2019-03-12,2791.52,0.002948976274417703
2019-03-13,2810.92,0.006925581547047699
2019-03-14,2808.48,-0.0008684201706037342
2019-03-15,2822.48,0.004972519373935391
2019-03-18,2832.94,0.003699110562036978
2019-03-19,2832.57,-0.00013061489628451994
2019-03-20,2824.23,-0.0029486656918287224
2019-03-21,2854.88,0.010794049627223856
2019-03-22,2800.71,-0.01915685423505309
2019-03-25,2798.36,-0.0008394251681052012
2019-03-26,2818.46,0.00715710519489221
2019-03-27,2805.37,-0.0046551989086820456
2019-03-28,2815.44,0.0035831172994038596
2019-03-29,2834.4,0.006711719685688067
2019-04-01,2867.19,0.011502181500052444
2019-04-02,2867.24,1.7438524841040248e-05
2019-04-03,2873.4,0.002146103000463029
2019-04-04,2879.39,0.002082468563852302
2019-04-05,2892.74,0.004625683691842575
2019-04-08,2895.77,0.0010469016298637612
2019-04-09,2878.2,-0.006085952726104793
2019-04-10,2888.21,0.003471834314500377
2019-04-11,2888.32,3.808514800862639e-05
2019-04-12,2907.41,0.0065876322869362625
2019-04-15,2905.58,-0.0006296243621459752
2019-04-16,2907.06,0.0005092350573869808
2019-04-17,2900.45,-0.0022763638303944234
2019-04-18,2905.03,0.0015778199046989627
2019-04-22,2907.97,0.0010115259764935658
2019-04-23,2933.68,0.008802364401891971
2019-04-24,2927.25,-0.002194191904615117
2019-04-25,2926.17,-0.0003690150415502913
2019-04-26,2939.88,0.0046743634859041094
2019-04-29,2943.03,0.0010708986882486116
2019-04-30,2945.83,0.000950948132915741
2019-05-01,2923.73,-0.007530412649501272
2019-05-02,2917.52,-0.0021262580234031603
2019-05-03,2945.64,0.00959217064148099
2019-05-06,2932.47,-0.004481039666655029
2019-05-07,2884.05,-0.016649515009818927
2019-05-08,2879.42,-0.0016066713268170218
2019-05-09,2870.72,-0.0030260155887189555
2019-05-10,2881.4,0.0037134177564537296
2019-05-13,2811.87,-0.024426544706444453
2019-05-14,2834.41,0.007984060207655297
2019-05-15,2850.96,0.00582197702081011
2019-05-16,2876.32,0.008855919648712351
2019-05-17,2859.53,-0.005854423653127938
2019-05-20,2840.23,-0.006772240853415212
2019-05-21,2864.36,0.008459904713623345
2019-05-22,2856.27,-0.0028283616990023575
2019-05-23,2822.24,-0.011985681943016857
2019-05-24,2826.06,0.001352619578427472
2019-05-28,2802.39,-0.008410890934652748
2019-05-29,2783.02,-0.006935955517473502
2019-05-30,2788.86,0.0020962411748000065
2019-05-31,2752.06,-0.013283188023120118
2019-06-03,2744.45,-0.0027690315718498226
2019-06-04,2803.27,0.02120590232217978
2019-06-05,2826.15,0.008128768500641037
2019-06-06,2843.49,0.006116809555866354
2019-06-07,2873.34,0.010442945224567346
2019-06-10,2886.73,0.004649257428951614
2019-06-11,2885.72,-0.0003499380714622191
2019-06-12,2879.84,-0.002039698498872866
2019-06-13,2891.64,0.004089078171241489
2019-06-14,2886.98,-0.001612842169983253
2019-06-17,2889.67,0.000931335703024061
2019-06-18,2917.75,0.009670462557011206
2019-06-19,2926.46,0.00298073014106226
2019-06-20,2954.18,0.009427615127716393
2019-06-21,2950.46,-0.0012600261801480883
2019-06-24,2945.35,-0.0017334348561242052
2019-06-25,2917.38,-0.009541702315563505
2019-06-26,2913.78,-0.0012347459021464502
2019-06-27,2924.92,0.0038159225573179967
2019-06-28,2941.76,0.005740911810812932
2019-07-01,2964.33,0.007642995575579903
2019-07-02,2973.01,0.0029238703472564964
2019-07-03,2995.82,0.007643076127193282
2019-07-05,2990.41,-0.001807481995470539
2019-07-08,2975.95,-0.0048471859933751915
2019-07-09,2979.63,0.0012358159804266577
2019-07-10,2993.07,0.0045004847673171255
2019-07-11,2999.91,0.0022826717159194487
2019-07-12,3013.77,0.00460949852364223
2019-07-15,3014.3,0.0001758440102275216
2019-07-16,3004.04,-0.0034095813595058644
2019-07-17,2984.42,-0.006552626285154517
2019-07-18,2995.11,0.0035755356654512127
2019-07-19,2976.61,-0.006195889687755418
2019-07-22,2985.03,0.0028247279603137443
2019-07-23,3005.47,0.0068241647017259766
2019-07-24,3019.56,0.004677163660893768
2019-07-25,3003.67,-0.005276251069020077
2019-07-26,3025.86,0.007360474259664684
2019-07-29,3020.97,-0.001617376729949882
2019-07-30,3013.18,-0.002581972383094211
2019-07-31,2980.38,-0.010945190319276321
2019-08-01,2953.56,-0.009039586726804494
2019-08-02,2932.05,-0.0073093853544552445
2019-08-05,2844.74,-0.030230162083586087
2019-08-06,2881.77,0.012933013700776819
2019-08-07,2883.98,0.0007665958837028697
2019-08-08,2938.09,0.018588425780335704
2019-08-09,2918.65,-0.006638529760062184
2019-08-12,2883.75,-0.012029650100344291
2019-08-13,2926.32,0.01465413043215591
2019-08-14,2840.6,-0.029730363473091437
2019-08-15,2847.6,0.0024612367826906123
2019-08-16,2888.68,0.014323116131046199
2019-08-19,2923.65,0.01203318530199482
2019-08-20,2900.51,-0.007946252081149296
2019-08-21,2924.43,0.008213006299500059
2019-08-22,2922.95,-0.0005062096294770058
2019-08-23,2847.11,-0.02628893555806666
2019-08-26,2878.38,0.010923191173948688
2019-08-27,2869.16,-0.0032083318806845895
2019-08-28,2887.94,0.0065241411868015575
2019-08-29,2924.58,0.0126074354387411
2019-08-30,2926.46,0.0006426208211518514
2019-09-03,2906.27,-0.006923029401107783
2019-09-04,2937.78,0.010783722026351583
2019-09-05,2976.0,0.01292592289421357
2019-09-06,2978.71,0.000910203918275343
2019-09-09,2978.43,-9.400484131827369e-05
2019-09-10,2979.39,0.00032226552944081277
2019-09-11,3000.93,0.007203659050794897
2019-09-12,3009.57,0.002874970784835895
2019-09-13,3007.39,-0.0007246184436624503
2019-09-16,2997.96,-0.003140535605966832
2019-09-17,3005.7,0.002578428587945325
2019-09-18,3006.73,0.00034262353493552666
2019-09-19,3006.79,1.995503465579418e-05
2019-09-20,2992.07,-0.0049076089603001805
2019-09-23,2991.78,-9.692756343504527e-05
2019-09-24,2966.6,-0.008452012089671612
2019-09-25,2984.87,0.006139678900037637
2019-09-26,2977.62,-0.0024318711052062625
2019-09-27,2961.79,-0.005330508411847568
2019-09-30,2976.74,0.005034926684707841
2019-10-01,2940.25,-0.01233413022605756
2019-10-02,2887.61,-0.01806544138860655
2019-10-03,2910.63,0.007940382236732546
2019-10-04,2952.01,0.014116741669229604
2019-10-07,2938.79,-0.004488362257589529
2019-10-08,2893.06,-0.015683166513284164
2019-10-09,2919.4,0.009063350218849742
2019-10-10,2938.13,0.006395208846051048
2019-10-11,2970.27,0.010879533213144832
2019-10-14,2966.15,-0.0013880421740664062
2019-10-15,2995.68,0.009906435272235115
2019-10-16,2989.69,-0.00200154777390793
2019-10-17,2997.95,0.002759018658343493
2019-10-18,2986.2,-0.003927045645713889
2019-10-21,3006.72,0.006848107497875233
2019-10-22,2995.99,-0.003575055742610189
2019-10-23,3004.52,0.0028430935856427197
2019-10-24,3010.29,0.0019185981834688448
2019-10-25,3022.55,0.004064426332368143
2019-10-28,3039.42,0.005565861774648795
2019-10-29,3036.89,-0.0008327422880682889
2019-10-30,3046.77,0.003248047618049199
2019-10-31,3037.56,-0.0030274515138035696
2019-11-01,3066.91,0.009615978507103051
2019-11-04,3078.27,0.003697210802720008
2019-11-05,3074.62,-0.001186434481407872
2019-11-06,3076.78,0.0007022791848285692
2019-11-07,3085.18,0.002726406923544644
2019-11-08,3093.08,0.0025573557297846605
2019-11-11,3087.01,-0.0019643733188008383
2019-11-12,3091.84,0.0015633980380798107
2019-11-13,3094.04,0.0007112973716782989
2019-11-14,3096.63,0.000836743083095115
2019-11-15,3120.46,0.007666003452600378
2019-11-18,3122.03,0.0005030044207039452
2019-11-19,3120.18,-0.0005927388069810746
2019-11-20,3108.46,-0.0037632657632205024
2019-11-21,3103.54,-0.0015840312391350864
2019-11-22,3110.29,0.0021725739696911717
2019-11-25,3133.64,0.00747929872680686
2019-11-26,3140.52,0.002193123145604048
2019-11-27,3153.63,0.004165779003972858
2019-11-29,3140.98,-0.004019317171344738
2019-12-02,3113.87,-0.008668527546204174
2019-12-03,3093.2,-0.006660171838372975
2019-12-04,3112.76,0.00630363868584638
2019-12-05,3117.43,0.0014991519920375396
2019-12-06,3145.91,0.00909425204036829
2019-12-09,3135.96,-0.0031678491662230357
2019-12-10,3132.52,-0.0010975548602925045
2019-12-11,3141.63,0.0029039810658435528
2019-12-12,3168.57,0.00853860849985466
2019-12-13,3168.8,7.258531539200419e-05
2019-12-16,3191.45,0.007122391651236626
2019-12-17,3192.52,0.00033521461097762995
2019-12-18,3191.14,-0.0004323538601678223
2019-12-19,3205.37,0.004449308599584256
2019-12-20,3221.22,0.004932641459037157
2019-12-23,3224.01,0.0008657565903060771
2019-12-24,3223.38,-0.00019542791796567371
2019-12-26,3239.91,0.00511505318207206
2019-12-27,3240.02,3.395098404190833e-05
2019-12-30,3221.29,-0.005797602177576522
2019-12-31,3230.78,0.0029416937024926426
2020-01-02,3257.85,0.008343874454693534
2020-01-03,3234.85,-0.007084909578082943
2020-01-06,3246.28,0.003527166358322731
2020-01-07,3237.18,-0.0028071449428903605
2020-01-08,3253.05,0.004890437358737287
2020-01-09,3274.7,0.006633244037574926
2020-01-10,3265.35,-0.0028593073050462436
2020-01-13,3288.13,0.006952059592316928
2020-01-14,3283.15,-0.0015156867317731582
2020-01-15,3289.29,0.001868408623343143
2020-01-16,3316.81,0.008331741632201073
2020-01-17,3329.62,0.003854705717721174
2020-01-21,3320.79,-0.002655476937141188
2020-01-22,3321.75,0.00028904605969515274
2020-01-23,3325.54,0.0011403144471451299
2020-01-24,3295.47,-0.009083268789936483
2020-01-27,3243.63,-0.01585572511838329
2020-01-28,3276.24,0.010003350352588924
2020-01-29,3273.4,-0.0008672232910491573
2020-01-30,3283.66,0.003129453862989351
2020-01-31,3225.52,-0.01786447639264388
2020-02-03,3248.92,0.0072284558629114315
2020-02-04,3297.59,0.014869265218065308
2020-02-05,3334.69,0.01118782288293474
2020-02-06,3345.78,0.0033201287296620308
2020-02-07,3327.71,-0.005415470514540388
2020-02-10,3352.09,0.007299652162371828
2020-02-11,3357.75,0.0016870749056518974
2020-02-12,3379.45,0.006441867553744984
2020-02-13,3373.94,-0.001631773441966189
2020-02-14,3380.16,0.001841844733833753
2020-02-18,3370.29,-0.002924251578310333
2020-02-19,3386.15,0.004694788714441955
2020-02-20,3373.23,-0.00382284047783088
2020-02-21,3337.75,-0.01057381502289445
2020-02-24,3225.89,-0.0340880461205213
2020-02-25,3128.21,-0.030747925188098435
2020-02-26,3116.39,-0.003785675340731487
2020-02-27,2978.76,-0.045168174100653324
2020-02-28,2954.22,-0.008272449914275448
2020-03-02,3090.23,0.045010865172777415
2020-03-03,3003.37,-0.02851053026190442
2020-03-04,3130.12,0.04133635094064125
2020-03-05,3023.94,-0.03451072562469726
2020-03-06,2972.37,-0.01720100245461964
2020-03-09,2746.56,-0.07901039484826633
2020-03-10,2882.23,0.04821508053580015
2020-03-11,2741.38,-0.05010285683741067
2020-03-12,2480.64,-0.09994485184600777
2020-03-13,2711.02,0.08880835644074647
2020-03-16,2386.13,-0.1276521411564726
2020-03-17,2529.19,0.0582262866907417
2020-03-18,2398.1,-0.053222336221424804
2020-03-19,2409.39,0.004696846277420619
2020-03-20,2304.92,-0.044327634743158484
2020-03-23,2237.4,-0.029731491257259712
2020-03-24,2447.33,0.08968315694821616
2020-03-25,2475.56,0.011468998674479813
2020-03-26,2630.07,0.060543828751667306
2020-03-27,2541.47,-0.034267808022629076
2020-03-30,2626.65,0.03296661622145525
2020-03-31,2584.59,-0.016142381973062392
2020-04-01,2470.5,-0.045146328727152074
2020-04-02,2526.9,0.02257269570362297
2020-04-03,2488.65,-0.01525286023195438
2020-04-06,2663.68,0.0679682305676863
2020-04-07,2659.41,-0.001604331662951708
2020-04-08,2749.98,0.03348934524468916
2020-04-09,2789.82,0.01438343869822667
2020-04-13,2761.63,-0.010155992507349332
2020-04-14,2846.06,0.03011449655045695
2020-04-15,2783.36,-0.022276750679012913
2020-04-16,2799.55,0.005799858992437734
2020-04-17,2874.56,0.02644092907918516
2020-04-20,2823.16,-0.018042794099790704
2020-04-21,2736.56,-0.031155167779795434
2020-04-22,2799.31,0.022671301062101357
2020-04-23,2797.8,-0.0005395641810270746
2020-04-24,2836.74,0.013822111461720077
2020-04-27,2878.48,0.014606871524448728
2020-04-28,2863.39,-0.005256139460119158
2020-04-29,2939.51,0.026236663207249045
2020-04-30,2912.43,-0.00925511652526545
2020-05-01,2830.71,-0.02846022068682874
2020-05-04,2842.74,0.004240812214593603
2020-05-05,2868.44,0.008999952189538085
2020-05-06,2848.42,-0.007003873398600646
2020-05-07,2881.19,0.011438948664054038
2020-05-08,2929.8,0.01673075806255042
2020-05-11,2930.32,0.00017747076898189107
2020-05-12,2870.12,-0.020757791338385623
2020-05-13,2820.0,-0.01761695579410727
2020-05-14,2852.5,0.011458917804072044
2020-05-15,2863.7,0.003918692254435641
2020-05-18,2953.91,0.031015221473356114
2020-05-19,2922.94,-0.010539757419425477
2020-05-20,2971.61,0.016513934417861975
2020-05-21,2948.51,-0.007803935472623813
2020-05-22,2955.45,0.002350965520251158
2020-05-26,2991.77,0.012214261971749352
2020-05-27,3036.13,0.014718492616298207
2020-05-28,3029.73,-0.0021101714760458634
2020-05-29,3044.31,0.004800767858805344
2020-06-01,3055.73,0.0037442421170172935
2020-06-02,3080.82,0.008177278702023116
2020-06-03,3122.87,0.013556655475682078
2020-06-04,3112.35,-0.0033743829350463272
2020-06-05,3193.93,0.025874065601552587
2020-06-08,3232.39,0.011969668235860098
2020-06-09,3207.18,-0.007829755338198296
2020-06-10,3190.14,-0.005327243376571644
2020-06-11,3002.1,-0.060752759198692274
2020-06-12,3041.31,0.012976299868565633
2020-06-15,3066.59,0.00827785142343096
2020-06-16,3124.74,0.01878488465267303
2020-06-17,3113.49,-0.003606796221337305
2020-06-18,3115.34,0.0005940120550409489
2020-06-19,3097.74,-0.0056654822009658545
2020-06-22,3117.86,0.006474055690439684
2020-06-23,3131.29,0.004298191170313714
2020-06-24,3050.33,-0.02619527873275551
2020-06-25,3083.76,0.01089985017340922
2020-06-26,3009.05,-0.024525217335130023
2020-06-29,3053.24,0.01457890753907165
2020-06-30,3100.29,0.01529233363767979
2020-07-01,3115.86,0.005009542099664088
2020-07-02,3130.01,0.004531001832653203
2020-07-06,3179.72,0.015756943165827764
2020-07-07,3145.32,-0.010877508816987458
2020-07-08,3169.94,0.00779702648129188
2020-07-09,3152.05,-0.005659625451288619
2020-07-10,3185.04,0.010411813000986925
2020-07-13,3155.22,-0.009406623666484037
2020-07-14,3197.52,0.013317285189446082
2020-07-15,3226.56,0.009041044884783744
2020-07-16,3215.57,-0.003411918313160456
2020-07-17,3224.73,0.002844589903158834
2020-07-20,3251.84,0.008371764170464147
2020-07-21,3257.3,0.001677641372159755
2020-07-22,3276.02,0.005730639622957057
2020-07-23,3235.66,-0.012396345287241317
2020-07-24,3215.63,-0.006209630744304917
2020-07-27,3239.41,0.007367919510066656
2020-07-28,3218.44,-0.0064944443446854905
2020-07-29,3258.44,0.012351783128252691
2020-07-30,3246.22,-0.0037573107206831935
2020-07-31,3271.12,0.007641191392371738
2020-08-03,3294.61,0.007155365883905418
2020-08-04,3306.51,0.0036054526780180396
2020-08-05,3327.77,0.006409157519801312
2020-08-06,3349.16,0.0064071581324238736
2020-08-07,3351.28,0.0006327942853729951
2020-08-10,3360.47,0.0027384827334753226
2020-08-11,3333.69,-0.00800104654322098
2020-08-12,3380.35,0.013899455827980134
2020-08-13,3373.43,-0.0020492235227109745
2020-08-14,3372.85,-0.00017194661396580102
2020-08-17,3381.99,0.0027062093485916705
2020-08-18,3389.78,0.0023007288895726674
2020-08-19,3374.85,-0.004414143638946655
2020-08-20,3385.51,0.003153680820281224
2020-08-21,3397.16,0.003435228739302687
2020-08-24,3431.28,0.009993580954931858
2020-08-25,3443.62,0.0035898742533948536
2020-08-26,3478.73,0.010144040989640501
2020-08-27,3484.55,0.001671626404583293
2020-08-28,3508.01,0.006710014078512572
2020-08-31,3500.31,-0.00219738913128964
2020-09-01,3526.65,0.0074968758512330425
2020-09-02,3580.84,0.01524899790823575
2020-09-03,3455.06,-0.035757586556313115
2020-09-04,3426.96,-0.008166252396865303
2020-09-08,3331.84,-0.028148866864059485
2020-09-09,3398.96,0.019944798533671815
2020-09-10,3339.19,-0.01774123987058651
2020-09-11,3340.97,0.0005329213797651278
2020-09-14,3383.54,0.01266131471119003
2020-09-15,3401.2,0.0052058118315070345
2020-09-16,3385.49,-0.004629658363745293
2020-09-17,3357.01,-0.008447955322131051
2020-09-18,3319.47,-0.011245565213034325
2020-09-21,3281.06,-0.011638590711243069
2020-09-22,3315.57,0.010463013638869256
2020-09-23,3236.92,-0.02400729416109293
2020-09-24,3246.59,0.002982954347357847
2020-09-25,3298.46,0.015850478138508706
2020-09-28,3351.6,0.01598215087400412
2020-09-29,3335.47,-0.004824244783808496
2020-09-30,3363.0,0.008219833784947284
2020-10-01,3380.8,0.00527893512152211
2020-10-02,3348.44,-0.00961780214318253
2020-10-05,3408.63,0.017815885301178724
2020-10-06,3360.95,-0.014086778930183286
2020-10-07,3419.45,0.017256047320879375
2020-10-08,3446.83,0.007975248642445365
2020-10-09,3477.13,0.008752272809347872
2020-10-12,3534.22,0.016285383484969884
2020-10-13,3511.93,-0.006326880453748629
2020-10-14,3488.67,-0.006645169155040875
2020-10-15,3483.34,-0.001528971139844515
2020-10-16,3483.81,0.00013491886947036846
2020-10-19,3426.92,-0.016464623898633235
2020-10-20,3443.12,0.004716138487298238
2020-10-21,3435.56,-0.0021980970313855153
2020-10-22,3453.49,0.00520537388632647
2020-10-23,3465.39,0.003439866491129706
2020-10-26,3400.97,-0.018764495369547163
2020-10-27,3390.68,-0.003030193803752468
2020-10-28,3271.03,-0.03592557122600937
2020-10-29,3310.11,0.011876501443804699
2020-10-30,3269.96,-0.012203669046733978
2020-11-02,3310.24,0.012242941894852422
2020-11-03,3369.16,0.017642760820757886
2020-11-04,3443.44,0.021807516584335218
2020-11-05,3510.45,0.019273262670013835
2020-11-06,3509.44,-0.00028775379869649953
2020-11-09,3550.5,0.011631958050303481
2020-11-10,3545.53,-0.0014007834839127042
2020-11-11,3572.66,0.007622761226929953
2020-11-12,3537.01,-0.01002867890894521
2020-11-13,3585.15,0.013518576706374574
2020-11-16,3626.91,0.011580731916657427
2020-11-17,3609.53,-0.00480347613410359
2020-11-18,3567.79,-0.011631213479601499
2020-11-19,3581.87,0.003938653922539004
2020-11-20,3557.54,-0.006815715636271591
2020-11-23,3577.59,0.0056200945950592995
2020-11-24,3635.41,0.016032507557284248
2020-11-25,3629.65,-0.0015856720266285151
2020-11-27,3638.35,0.002394057279952122
2020-11-30,3621.63,-0.004606081438497611
2020-12-01,3662.45,0.011208121636018475
2020-12-02,3669.01,0.001789548534858909
2020-12-03,3666.72,-0.0006243414287023796
2020-12-04,3699.12,0.00879742404541517
2020-12-07,3691.96,-0.0019374711787083498
2020-12-08,3702.25,0.0027832605897479823
2020-12-09,3672.82,-0.007980983560702981
2020-12-10,3668.1,-0.001285942538656215
2020-12-11,3663.46,-0.001265760798382587
2020-12-14,3647.49,-0.004368796230528105
2020-12-15,3694.62,0.012838447626448257
2020-12-16,3701.17,0.0017712784469292586
2020-12-17,3722.48,0.005741126947631514
2020-12-18,3709.41,-0.003517278505022148
2020-12-21,3694.92,-0.003913931036978013
2020-12-22,3687.26,-0.002075268484142967
2020-12-23,3690.01,0.0007455332737915654
2020-12-24,3703.06,0.0035303368029282467
2020-12-28,3735.36,0.00868469460336918
2020-12-29,3727.04,-0.0022298465500121267
2020-12-30,3732.04,0.0013406481091209344
2020-12-31,3756.07,0.006418196978792423
2021-01-04,3700.65,-0.014864718123371645
2021-01-05,3726.86,0.007057576170721447
2021-01-06,3748.14,0.005693660866217698
2021-01-07,3803.79,0.014738221178340893
2021-01-08,3824.68,0.005476865536104825
2021-01-11,3799.61,-0.0065763737616642
2021-01-12,3801.19,0.00041574571696578744
2021-01-13,3809.84,0.002273017902771457
2021-01-14,3795.54,-0.003760500291052793
2021-01-15,3768.25,-0.007215990506594494
2021-01-19,3798.91,0.008103480771509908
2021-01-20,3851.85,0.013839368887685666
2021-01-21,3853.07,0.00031668077285651464
2021-01-22,3841.47,-0.0030151272949279218
2021-01-25,3855.36,0.0036092820235467116
2021-01-26,3849.62,-0.001489945739473697
2021-01-27,3750.77,-0.026013289892048874
2021-01-28,3787.38,0.009713334927598183
2021-01-29,3714.24,-0.01950040596712732
2021-02-01,3773.86,0.01592426914071865
2021-02-02,3826.31,0.01380254196564934
2021-02-03,3830.17,0.0010082963259936406
2021-02-04,3871.74,0.01079482976893864
2021-02-05,3886.83,0.0038898969855534204
2021-02-08,3915.59,0.007372105129887174
2021-02-09,3911.23,-0.0011141179817588664
2021-02-10,3909.88,-0.0003452195438775618
2021-02-11,3916.38,0.001661074764843562
2021-02-12,3934.83,0.004699921149025954
2021-02-16,3932.59,-0.0005694370099789126
2021-02-17,3931.33,-0.0003204508720298094
2021-02-18,3913.97,-0.00442558686962613
2021-02-19,3906.71,-0.0018566165820494973
2021-02-22,3876.5,-0.007762902892533674
2021-02-23,3881.37,0.0012554994192246482
2021-02-24,3925.43,0.011287715277781274
2021-02-25,3829.34,-0.024783434790563774
2021-02-26,3811.15,-0.004761483718072057
2021-03-01,3901.82,0.02351213008199693
2021-03-02,3870.29,-0.008113671312553805
2021-03-03,3819.72,-0.013152318131986362
2021-03-04,3768.47,-0.01350803796008293
2021-03-05,3841.94,0.01930836381558443
2021-03-08,3821.35,-0.00537368403054117
2021-03-09,3875.44,0.014055441418612702
2021-03-10,3898.81,0.006012173623114236
2021-03-11,3939.34,0.010341818218279286
2021-03-12,3943.34,0.001014883350162421
2021-03-15,3968.94,0.006470976590856381
2021-03-16,3962.71,-0.0015709218841468697
2021-03-17,3974.12,0.002875205304977868
2021-03-18,3915.46,-0.01487052060181071
2021-03-19,3913.1,-0.0006029206064699366
2021-03-22,3940.59,0.007000559550654373
2021-03-23,3910.52,-0.007660100809948389
2021-03-24,3889.14,-0.005482303984823744
2021-03-25,3909.52,0.0052265508159266005
2021-03-26,3974.54,0.016494413826352528
2021-03-29,3971.09,-0.0008684019308251578
2021-03-30,3958.55,-0.003162819611880252
2021-03-31,3972.89,0.0036159929659937973
2021-04-01,4019.87,0.011755774236888783
2021-04-05,4077.91,0.014335038467166328
2021-04-06,4073.94,-0.0009740121110812794
2021-04-07,4079.95,0.001474143283354934
2021-04-08,4097.17,0.004211758040806757
2021-04-09,4128.8,0.007690316372556794
2021-04-12,4127.99,-0.00019620215667437435
2021-04-13,4141.59,0.003289166381145847
2021-04-14,4124.66,-0.004096179929696575
2021-04-15,4170.42,0.011033158016154232
2021-04-16,4185.47,0.0036022533265391843
2021-04-19,4163.26,-0.005320582266875817
2021-04-20,4134.94,-0.006825603130707236
2021-04-21,4173.42,0.009263025469113728
2021-04-22,4134.98,-0.009253351856793657
2021-04-23,4180.17,0.010869423861540994
2021-04-26,4187.62,0.0017806378908797882
2021-04-27,4186.72,-0.00021494231270047237
2021-04-28,4183.18,-0.0008458882928294997
2021-04-29,4211.47,0.006740032543708807
2021-04-30,4181.17,-0.007220643718202524
2021-05-03,4192.66,0.002744265697041115
2021-05-04,4164.66,-0.006700737740406026
2021-05-05,4167.59,0.0007032914568743109
2021-05-06,4201.62,0.00813223411591224
2021-05-07,4232.6,0.007346296237811245
2021-05-10,4188.43,-0.010490499399026021
2021-05-11,4152.1,-0.008711731693216151
2021-05-12,4063.04,-0.021682768452684797
2021-05-13,4112.5,0.012099654192200049
2021-05-14,4173.85,0.014807755166462044
2021-05-17,4163.29,-0.002533244169402593
2021-05-18,4127.83,-0.008553781927838955
2021-05-19,4115.68,-0.002947775595103508
2021-05-20,4159.12,0.01049944386861057
2021-05-21,4155.86,-0.0007841270013955182
2021-05-24,4197.05,0.009862511119054673
2021-05-25,4188.13,-0.0021275639556268544
2021-05-26,4195.99,0.0018749737128445076
2021-05-27,4200.88,0.0011647198427056082
2021-05-28,4204.11,0.000768591077205727
2021-06-01,4202.04,-0.0004924965749690813
2021-06-02,4208.12,0.0014458704850337512
2021-06-03,4192.85,-0.0036352984992422677
2021-06-04,4229.89,0.008795294352097471
2021-06-07,4226.52,-0.000797028568481295
2021-06-08,4227.26,0.00017506961427571355
2021-06-09,4219.55,-0.001825541746812931
2021-06-10,4239.18,0.004641367023083376
2021-06-11,4247.44,0.0019465941937433229
2021-06-14,4255.15,0.0018135655401927409
2021-06-15,4246.59,-0.0020137061101781484
2021-06-16,4223.7,-0.005404786783293147
2021-06-17,4221.86,-0.00043573191810075684
2021-06-18,4166.45,-0.013211434948255274
2021-06-21,4224.79,0.013905201143733947
2021-06-22,4246.44,0.005111429423335423
2021-06-23,4241.84,-0.0010838474815404453
2021-06-24,4266.49,0.0057943377765710125
2021-06-25,4280.7,0.003325072472303958
2021-06-28,4290.61,0.002312366351411299
2021-06-29,4291.8,0.00027731138634301544
2021-06-30,4297.5,0.0013272329146101214
2021-07-01,4319.94,0.005208054995812006
2021-07-02,4352.34,0.007472118231364178
2021-07-06,4343.54,-0.0020239476634920095
2021-07-07,4358.13,0.0033533824363036757
2021-07-08,4320.82,-0.008597867216574073
2021-07-09,4369.55,0.011214829918571922
2021-07-12,4384.63,0.003445214723939216
2021-07-13,4369.21,-0.0035230289676473348
2021-07-14,4374.3,0.0011642922750674245
2021-07-15,4360.03,-0.0032675689369963123
2021-07-16,4327.16,-0.007567500391697735
2021-07-19,4258.49,-0.015996800327963356
2021-07-20,4323.06,0.015048847488143835
2021-07-21,4358.69,0.00820806865888457
2021-07-22,4367.48,0.002014630238242887
2021-07-23,4411.79,0.010094319060165446
2021-07-26,4422.3,0.0023794199422138007
2021-07-27,4401.46,-0.004723618672649366
2021-07-28,4400.64,-0.0001863191743716186
2021-07-29,4419.15,0.004197385011620369
2021-07-30,4395.26,-0.005420682382194286
2021-08-02,4387.16,-0.0018445946098477606
2021-08-03,4423.15,0.008170019032652576
2021-08-04,4402.66,-0.00464320822964126
2021-08-05,4429.1,0.005987499431546084
2021-08-06,4436.52,0.0016738821949289218
2021-08-09,4432.35,-0.0009403678951880323
2021-08-10,4436.75,0.0009922089864762285
2021-08-11,4447.7,0.0024649821979920716
2021-08-12,4460.83,0.002947738741944761
2021-08-13,4468.0,0.001606033834480769
2021-08-16,4479.71,0.0026174309818660646
2021-08-17,4448.08,-0.007085769790768026
2021-08-18,4400.27,-0.010806639720144062
2021-08-19,4405.8,0.0012559520255734924
2021-08-20,4441.67,0.008108577149078755
2021-08-23,4479.53,0.008487698356534068
2021-08-24,4486.23,0.0014945751943340468
2021-08-25,4496.19,0.0022176660815187432
2021-08-26,4470.0,-0.005841962859470584
2021-08-27,4509.37,0.008769045552897481
2021-08-30,4528.79,0.0042973414690568035
2021-08-31,4522.68,-0.0013500571571327669
2021-09-01,4524.09,0.0003117134648977782
2021-09-02,4536.95,0.00283852816777852
2021-09-03,4535.43,-0.0003350829692383428
2021-09-07,4520.03,-0.0034012661634807984
2021-09-08,4514.07,-0.0013194454045599713
2021-09-09,4493.28,-0.004616238276287987
2021-09-10,4458.58,-0.007752617623131286
2021-09-13,4468.73,0.0022739222394125846
2021-09-14,4443.05,-0.00576317437780105
2021-09-15,4480.7,0.008438206673245574
2021-09-16,4473.75,-0.0015523011230360595
2021-09-17,4432.99,-0.009152683146432139
2021-09-20,4357.73,-0.017123020373770004
2021-09-21,4354.19,-0.0008126796836602779
2021-09-22,4395.64,0.009474540664092146
2021-09-23,4448.98,0.012061715863250555
2021-09-24,4455.48,0.0014599428049599794
2021-09-27,4443.11,-0.0027802175328766054
2021-09-28,4352.63,-0.020574321587474742
2021-09-29,4359.46,0.0015679363733056562
2021-09-30,4307.54,-0.01198122097381571
2021-10-01,4357.04,0.011425952216360002
2021-10-04,4300.46,-0.01307093399993775
2021-10-05,4345.72,0.010469458977262036
2021-10-06,4363.55,0.004094493547635025
2021-10-07,4399.76,0.008264047735016433
2021-10-08,4391.34,-0.0019155742909777729
2021-10-11,4361.19,-0.0068894637904683975
2021-10-12,4350.65,-0.0024196966754637117
2021-10-13,4363.8,0.0030179781813099993
2021-10-14,4438.26,0.016919170336134215
2021-10-15,4471.37,0.007432441620920827
2021-10-18,4486.46,0.003369122716966544
2021-10-19,4519.63,0.0073661600060432875
2021-10-20,4536.19,0.0036573205869530057
2021-10-21,4549.78,0.0029914274720983514
2021-10-22,4544.9,-0.0010731549583589128
2021-10-25,4566.48,0.004736942230948671
2021-10-26,4574.79,0.00181812861650954
2021-10-27,4551.68,-0.005064400451443518
2021-10-28,4596.42,0.009781344040089124
2021-10-29,4605.38,0.0019474456805763651
2021-11-01,4613.67,0.0017984504334940254
2021-11-02,4630.65,0.0036736112761168727
2021-11-03,4660.57,0.006440511240473512
2021-11-04,4680.06,0.0041731721062596705
2021-11-05,4697.53,0.0037259083006286886
2021-11-08,4701.7,0.000887306784404629
2021-11-09,4685.25,-0.003504869385574594
2021-11-10,4646.71,-0.008259833757376711
2021-11-11,4649.27,0.0005507757255749368
2021-11-12,4682.85,0.0071966809110382
2021-11-15,4682.8,-1.0677315508189622e-05
2021-11-16,4700.9,0.0038577581225869295
2021-11-17,4688.67,-0.0026050195943359
2021-11-18,4704.54,0.0033790397745132594
2021-11-19,4697.96,-0.001399627987058949
2021-11-22,4682.94,-0.003202254119567982
2021-11-23,4690.7,0.001655707232783854
2021-11-24,4701.46,0.0022912737234968006
2021-11-26,4594.62,-0.0229870449732843
2021-11-29,4655.27,0.01311385739268367
2021-11-30,4567.0,-0.019143376992335703
2021-12-01,4513.04,-0.011885550113429844
2021-12-02,4577.1,0.014094625715696196
2021-12-03,4538.43,-0.008484472537633181
2021-12-06,4591.67,0.011662655055921789
2021-12-07,4686.75,0.020495586171746183
2021-12-08,4701.21,0.0030805438956171827
2021-12-09,4667.45,-0.007207038387209153
2021-12-10,4712.02,0.009503806818878857
2021-12-13,4668.97,-0.009178200213042942
2021-12-14,4634.09,-0.007498643121873982
2021-12-15,4709.85,0.016216212899903937
2021-12-16,4668.67,-0.008781825842753221
2021-12-17,4620.64,-0.010341010906644854
2021-12-20,4568.02,-0.011453373010201773
2021-12-21,4649.23,0.017621763861807693
2021-12-22,4696.56,0.01012871135227833
2021-12-23,4725.79,0.0062044168953239165
2021-12-27,4791.19,0.013744072068897495
2021-12-28,4786.35,-0.00101069803143794
2021-12-29,4793.06,0.0014009215802239794
2021-12-30,4778.73,-0.0029942175300767815
2021-12-31,4766.18,-0.0026296753415451235
2022-01-03,4796.56,0.006353848835551901
2022-01-04,4793.54,-0.000629816185405474
2022-01-05,4700.58,-0.01958327277580274
2022-01-06,4696.05,-0.0009641755290861198
2022-01-07,4677.03,-0.004058436737205184
2022-01-10,4670.29,-0.0014421248375171558
2022-01-11,4713.07,0.009118332112992178
2022-01-12,4726.35,0.002813734056029915
2022-01-13,4659.03,-0.014345962458905959
2022-01-14,4662.85,0.0008195772127130851
2022-01-18,4577.11,-0.018559054584436296
2022-01-19,4532.76,-0.009736769104655707
2022-01-20,4482.73,-0.011098789654239383
2022-01-21,4397.94,-0.01909598635863574
2022-01-24,4410.13,0.0027679180076169985
2022-01-25,4356.45,-0.012246661962160843
2022-01-26,4349.93,-0.00149775250307016
2022-01-27,4326.51,-0.005398540617997938
2022-01-28,4431.85,0.024055891707797983
2022-01-31,4515.55,0.01870989151139746
2022-02-01,4546.54,0.006839508503304614
2022-02-02,4589.38,0.009378434574516703
2022-02-03,4477.44,-0.02469348416817496
2022-02-04,4500.53,0.0051437130908578155
2022-02-07,4483.87,-0.0037086548006097786
2022-02-08,4521.54,0.00836613096277894
2022-02-09,4587.18,0.014412812398356678
2022-02-10,4504.08,-0.018281803510330263
2022-02-11,4418.64,-0.019151696234066762
2022-02-14,4401.67,-0.003847942065318577
2022-02-15,4471.07,0.01564373921237383
2022-02-16,4475.01,0.0008808327792149129
2022-02-17,4380.26,-0.021400503004024074
2022-02-18,4348.87,-0.007192042117619479
2022-02-22,4304.76,-0.010194654042816609
2022-02-23,4225.5,-0.01858379019433265
2022-02-24,4288.7,0.01484605971153563
2022-02-25,4384.65,0.022126148364755238
2022-02-28,4373.94,-0.002445600339324727
2022-03-01,4306.26,-0.015594426756136315
2022-03-02,4386.54,0.018470983448990452
2022-03-03,4363.49,-0.005268565551901361
2022-03-04,4328.87,-0.007965657901415568
2022-03-07,4201.09,-0.029962522550535553
2022-03-08,4170.7,-0.007260127998096166
2022-03-09,4277.88,0.025373672345635256
2022-03-10,4259.52,-0.004301081899390269
2022-03-11,4204.31,-0.013046288284511931
2022-03-14,4173.11,-0.007448628397105139
2022-03-15,4262.45,0.02118255114065626
2022-03-16,4357.86,0.0221369988429565
2022-03-17,4411.67,0.012272191404502308
2022-03-18,4463.12,0.011594770446318847
2022-03-21,4461.18,-0.00043476799985597836
2022-03-22,4511.61,0.011240769260245642
2022-03-23,4456.24,-0.012348713151043356
2022-03-24,4520.16,0.014242030309045361
2022-03-25,4543.06,0.005053402374178617
2022-03-28,4575.52,0.007119559648820939
2022-03-29,4631.6,0.01218202728525597
2022-03-30,4602.45,-0.006313610350948906
2022-03-31,4530.41,-0.01577632727939715
2022-04-01,4545.86,0.0034044855260564333
2022-04-04,4582.64,0.00805832262263273
2022-04-05,4525.12,-0.012631155137048822
2022-04-06,4481.15,-0.009764386222700594
2022-04-07,4500.21,0.004244352439510379
2022-04-08,4488.28,-0.0026545074879766872
2022-04-11,4412.53,-0.017021333762949453
2022-04-12,4397.45,-0.0034233936348684324
2022-04-13,4446.59,0.011112682823132047
2022-04-14,4392.59,-0.012218479951524586
2022-04-18,4391.69,-0.00020491150171686456
2022-04-19,4462.21,0.01593004016149635
2022-04-20,4459.45,-0.000618718957692721
2022-04-21,4393.66,-0.01486284731647558
2022-04-22,4271.78,-0.02813199052103066
2022-04-25,4296.12,0.005681687572860028
2022-04-26,4175.2,-0.028550028430272434
2022-04-27,4183.96,0.002095905140411247
2022-04-28,4287.5,0.024445646004581434
2022-04-29,4131.93,-0.03695920232685879
2022-05-02,4155.38,0.005659270037375208
2022-05-03,4175.48,0.004825441551572496
2022-05-04,4300.17,0.02942523504760608
2022-05-05,4146.87,-0.03630072399124984
2022-05-06,4123.34,-0.005690318260649363
2022-05-09,3991.24,-0.032561554986877184
2022-05-10,4001.05,0.002454867109817016
2022-05-11,3935.18,-0.016600202520525187
2022-05-12,3930.08,-0.0012968422441890226
2022-05-13,4023.89,0.023589314531626826
2022-05-16,4008.01,-0.003954237650276582
2022-05-17,4088.85,0.019968898134441915
2022-05-18,3923.68,-0.04123376798544065
2022-05-19,3900.79,-0.005850892213604908
2022-05-20,3901.36,0.00014611357151927962
2022-05-23,3973.75,0.01838502294652855
2022-05-24,3941.48,-0.008153945948249586
2022-05-25,3978.73,0.009406385602540368
2022-05-26,4057.84,0.019688139439344
2022-05-27,4158.24,0.024441095491292586
2022-05-31,4132.15,-0.006294055196399029
2022-06-01,4101.23,-0.0075109239121431415
2022-06-02,4176.82,0.018263262738202002
2022-06-03,4108.54,-0.01648245720240027
2022-06-06,4121.43,0.0031324562641241727
2022-06-07,4160.68,0.009478331934065665
2022-06-08,4115.77,-0.010852585537421078
2022-06-09,4017.82,-0.024086469933733312
2022-06-10,3900.86,-0.029542425335362665
2022-06-13,3749.63,-0.03953987319895802
2022-06-14,3735.48,-0.003780844063994593
2022-06-15,3789.99,0.014487056184645297
2022-06-16,3666.77,-0.03305221501708466
2022-06-17,3674.84,0.002198428750711301
2022-06-21,3764.79,0.024182488501784505
2022-06-22,3759.89,-0.0013023811491290616
2022-06-23,3795.73,0.009487049060657782
2022-06-24,3911.74,0.03010553708080721
2022-06-27,3900.11,-0.0029775299301260105
2022-06-28,3821.55,-0.02034865838324862
2022-06-29,3818.83,-0.0007120065009615928
2022-06-30,3785.38,-0.00879781483060782
2022-07-01,3825.33,0.010498459915641689
2022-07-05,3831.39,0.0015829235665787422
2022-07-06,3845.08,0.0035667473495824
2022-07-07,3902.62,0.014853713471199015
2022-07-08,3899.38,-0.0008305563153676587
2022-07-11,3854.43,-0.011594429978107001
2022-07-12,3818.8,-0.009286899019016914
2022-07-13,3801.78,-0.004466859031662551
2022-07-14,3790.38,-0.0030031001895842735
2022-07-15,3863.16,0.01901922349251528
2022-07-18,3830.85,-0.00839879072885985
2022-07-19,3936.69,0.02725355801980278
2022-07-20,3959.9,0.005878503718333761
2022-07-21,3998.95,0.009813054238449581
2022-07-22,3961.63,-0.009376269923423663
2022-07-25,3966.84,0.0013142512363462089
2022-07-26,3921.05,-0.011610332895749309
2022-07-27,4023.61,0.025820034533563074
2022-07-28,4072.43,0.012060363275690378
2022-07-29,4130.29,0.01410774953829197
2022-08-01,4118.63,-0.002827038634318768
2022-08-02,4091.19,-0.006684702509966556
2022-08-03,4155.17,0.015517460750034573
2022-08-04,4151.94,-0.0007776471390830153
2022-08-05,4145.19,-0.0016270689959387852
2022-08-08,4140.06,-0.001238345410353503
2022-08-09,4122.47,-0.004257782198347826
2022-08-10,4210.24,0.021067154907855823
2022-08-11,4207.27,-0.0007056718966165221
2022-08-12,4280.15,0.017174074409835427
2022-08-15,4297.14,0.0039616294239337435
2022-08-16,4305.2,0.001873909275516894
2022-08-17,4274.04,-0.007264078640478289
2022-08-18,4283.74,0.002266944033161522
2022-08-19,4228.48,-0.01298386938135998
2022-08-22,4137.99,-0.021632427725286618
2022-08-23,4128.73,-0.00224030906405126
2022-08-24,4140.77,0.002911907251338164
2022-08-25,4199.12,0.013993218645289573
2022-08-26,4057.66,-0.03426852674898484
2022-08-29,4030.61,-0.006688723509263639
2022-08-30,3986.16,-0.01108936779165326
2022-08-31,3955.0,-0.007847760257099878
2022-09-01,3966.85,0.002991727649110487
2022-09-02,3924.26,-0.010794530441165406
2022-09-06,3908.19,-0.0041034472098147035
2022-09-07,3979.87,0.01817480422855766
2022-09-08,4006.18,0.006589013388980547
2022-09-09,4067.36,0.015155971507018862
2022-09-12,4110.41,0.01052863988146946
2022-09-13,3932.69,-0.04419911011958355
2022-09-14,3946.01,0.003381271704881783
2022-09-15,3901.35,-0.011382294724738173
2022-09-16,3873.33,-0.0072080449142468694
2022-09-19,3899.89,0.006833745439536187
2022-09-20,3855.93,-0.011336124553071869
2022-09-21,3789.93,-0.01726467378977503
2022-09-22,3757.99,-0.00846330926893124
2022-09-23,3693.23,-0.01738282607756858
2022-09-26,3655.04,-0.010394376865969335
2022-09-27,3647.29,-0.0021226109775351887
2022-09-28,3719.04,0.01948114438777715
2022-09-29,3640.47,-0.021352776272161478
2022-09-30,3585.62,-0.01518139227639459
2022-10-03,3678.43,0.02555462879740844
2022-10-04,3790.93,0.030125340865302164
2022-10-05,3783.28,-0.0020200133350627425
2022-10-06,3744.52,-0.010297920383575132
2022-10-07,3639.66,-0.02840316716749136
2022-10-10,3612.39,-0.00752066754461822
2022-10-11,3588.84,-0.006540572639369913
2022-10-12,3577.03,-0.0032961833504643323
2022-10-13,3669.91,0.025634291446896995
2022-10-14,3583.07,-0.023947163771952162
2022-10-17,3677.95,0.026135556911906832
2022-10-18,3719.98,0.011362760181542697
2022-10-19,3695.16,-0.006694436704711038
2022-10-20,3665.78,-0.007982718516093001
2022-10-21,3752.75,0.02344776785243674
2022-10-24,3797.34,0.01181191705979856
2022-10-25,3859.11,0.01613576532526828
2022-10-26,3830.6,-0.007415138056792614
2022-10-27,3807.3,-0.006101172384331832
2022-10-28,3901.06,0.024328034575768598
2022-10-31,3871.98,-0.007482306966124952
2022-11-01,3856.1,-0.004109694089747151
2022-11-02,3759.69,-0.02531980282762092
2022-11-03,3719.89,-0.010642409238982964
2022-11-04,3770.55,0.01352678145799402
2022-11-07,3806.8,0.009568061802673
2022-11-08,3828.11,0.005582267593981172
2022-11-09,3748.57,-0.020996774887089842
2022-11-10,3956.37,0.05395250428096254
2022-11-11,3992.93,0.009198359044827242
2022-11-14,3957.25,-0.008975957665020573
2022-11-15,3991.73,0.008675381307597263
2022-11-16,3958.79,-0.008286297872086124
2022-11-17,3946.56,-0.003094109623736685
2022-11-18,3965.34,0.004747288330236188
2022-11-21,3949.94,-0.003891212801477195
2022-11-22,4003.58,0.013488571921957515
2022-11-23,4027.26,0.005897283130643416
2022-11-25,4026.12,-0.0002831109441299162
2022-11-28,3963.94,-0.015564652905561971
2022-11-29,3957.63,-0.0015931188727940082
2022-11-30,4080.11,0.030478587582589256
2022-12-01,4076.57,-0.0008680002702714518
2022-12-02,4071.7,-0.0011953459028433144
2022-12-05,3998.84,-0.018056283602074785
2022-12-06,3941.26,-0.014503849921748468
2022-12-07,3933.92,-0.0018640849162636641
2022-12-08,3963.51,0.007493612090724966
2022-12-09,3934.38,-0.007376687214824429
2022-12-12,3990.56,0.014178262831054056
2022-12-13,4019.65,0.007263262233260903
2022-12-14,3995.32,-0.006071158028412071
2022-12-15,3895.75,-0.02523746079196343
2022-12-16,3852.36,-0.011200267830703936
2022-12-19,3817.66,-0.009048278034292423
2022-12-20,3821.62,0.0010367470114189814
2022-12-21,3878.44,0.014758594440962725
2022-12-22,3822.39,-0.014557129502374977
2022-12-23,3844.82,0.005850906388984001
2022-12-27,3829.25,-0.004057826255055019
2022-12-28,3783.22,-0.012093462699048985
2022-12-29,3849.28,0.017310618960092228
2022-12-30,3839.5,-0.0025439680351091454
2023-01-03,3824.14,-0.00400854439080689
2023-01-04,3852.97,0.007510674075383861
2023-01-05,3808.1,-0.011713902384517638
2023-01-06,3895.08,0.022583841176025743
2023-01-09,3892.09,-0.0007679298504950083
2023-01-10,3919.25,0.006954020552452533
2023-01-11,3969.61,0.012767544131229158
2023-01-12,3983.17,0.0034101315868824145
2023-01-13,3999.09,0.003988850553225731
2023-01-17,3990.97,-0.00203252611255067
2023-01-18,3928.86,-0.015685001660276754
2023-01-19,3898.85,-0.007667669607521077
2023-01-20,3972.61,0.018741671559173056
2023-01-23,4019.81,0.011811328415708644
2023-01-24,4016.95,-0.0007117296325205302
2023-01-25,4016.22,-0.00018174643434853976
2023-01-26,4060.43,0.01094771756997659
2023-01-27,4070.56,0.0024917027916835366
2023-01-30,4017.77,-0.013053559781990742
2023-01-31,4076.6,0.01453628532231832
2023-02-01,4119.21,0.010398089735209837
2023-02-02,4179.76,0.014592431217643309
2023-02-03,4136.48,-0.0104086439893738
2023-02-06,4111.08,-0.006159416919169658
2023-02-07,4164.0,0.012790383040920617
2023-02-08,4117.86,-0.011142539811004326
2023-02-09,4081.5,-0.008869043032445845
2023-02-10,4090.46,0.0021928652588769637
2023-02-13,4137.29,0.011383550959928712
2023-02-14,4136.13,-0.0002804160812814871
2023-02-15,4147.6,0.00276928565518908
2023-02-16,4090.41,-0.013884644172641458
2023-02-17,4079.09,-0.002771285205906082
2023-02-21,3997.34,-0.02024478441412292
2023-02-22,3991.05,-0.0015747857327728099
2023-02-23,4012.32,0.00531527346027616
2023-02-24,3970.04,-0.010593457421727237
2023-02-27,3982.24,0.003068304831167268
2023-02-28,3970.15,-0.0030405976856187067
2023-03-01,3951.39,-0.00473646161526986
2023-03-02,3981.35,0.007553542016923487
2023-03-03,4045.64,0.016018800257414867
2023-03-06,4048.42,0.00068692352399502
2023-03-07,3986.37,-0.015445639173959691
2023-03-08,3992.01,0.0014138210863556822
2023-03-09,3918.32,-0.018631872945281458
2023-03-10,3861.59,-0.014583974750191686
2023-03-13,3855.76,-0.001510881613258519
2023-03-14,3919.29,0.016342380801372514
2023-03-15,3891.93,-0.00700533639823675
2023-03-16,3960.28,0.017409551286965197
2023-03-17,3916.64,-0.011080586449226715
2023-03-20,3951.57,0.008878824909595906
2023-03-21,4002.87,0.012898635541985115
2023-03-22,3936.97,-0.016600211922495944
2023-03-23,3948.72,0.0029800838470404045
2023-03-24,3970.99,0.0056239581242092385
2023-03-27,3977.53,0.0016455897389313634
2023-03-28,3971.27,-0.0015750808409311645
2023-03-29,4027.81,0.014136861145887636
2023-03-30,4050.83,0.005698994460608731
2023-03-31,4109.31,0.014333332809426835
2023-04-03,4124.51,0.0036920936495175027
2023-04-04,4100.6,-0.0058139203852078936
2023-04-05,4090.38,-0.0024954291924714767
2023-04-06,4105.02,0.003572739725370866
2023-04-10,4109.11,0.0009958450470115565
2023-04-11,4108.94,-4.137234502721299e-05
2023-04-12,4091.95,-0.004143458650798237
2023-04-13,4146.22,0.013175446748329378
2023-04-14,4137.64,-0.002071498810490624
2023-04-17,4151.32,0.0033007789687626854
2023-04-18,4154.87,0.0008547842551518414
2023-04-19,4154.52,-8.424204429147153e-05
2023-04-20,4129.79,-0.005970339945818637
2023-04-21,4133.52,0.0009027859909256364
2023-04-24,4137.04,0.0008512120612227392
2023-04-25,4071.63,-0.015937145594968172
2023-04-26,4055.99,-0.0038486098771102206
2023-04-27,4135.35,0.019377167380001836
2023-04-28,4169.48,0.008219359612569477
2023-05-01,4167.87,-0.0003862138497261469
2023-05-02,4119.58,-0.01165389752800472
2023-05-03,4090.75,-0.007022889090581685
2023-05-04,4061.22,-0.007244906241250959
2023-05-05,4136.25,0.018306159168067992
2023-05-08,4138.12,0.0004519981658628325
2023-05-09,4119.17,-0.004589891663840717
2023-05-10,4137.64,0.004473890233027689
2023-05-11,4130.62,-0.001698060217456998
2023-05-12,4124.08,-0.001584552162620767
2023-05-15,4136.28,0.0029538685652354957
2023-05-16,4109.9,-0.006398135861992671
2023-05-17,4158.77,0.011820660164447716
2023-05-18,4198.05,0.009400774284705093
2023-05-19,4191.98,-0.001446955746059686
2023-05-22,4192.63,0.00015504597144122556
2023-05-23,4145.58,-0.011285515564489756
2023-05-24,4115.24,-0.007345550785867516
2023-05-25,4151.28,0.00871956478556335
2023-05-26,4205.45,0.012964582735314423
2023-05-30,4205.52,1.664492918251881e-05
2023-05-31,4179.83,-0.006127372232972661
2023-06-01,4221.02,0.009806229149665668
2023-06-02,4282.37,0.014429789652144365
2023-06-05,4273.79,-0.0020055732655688274
2023-06-06,4283.85,0.0023511165774898757
2023-06-07,4267.52,-0.0038192757067676553
2023-06-08,4293.93,0.006169535247098068
2023-06-09,4298.86,0.001147473763687401
2023-06-12,4338.93,0.00927790266568529
2023-06-13,4369.01,0.00690866488336539
2023-06-14,4372.59,0.0008190720692198283
2023-06-15,4425.84,0.012104580063653003
2023-06-16,4409.59,-0.0036783763376515566
2023-06-20,4388.71,-0.0047463803686902395
2023-06-21,4365.69,-0.005259081846185509
2023-06-22,4381.89,0.0037038857650539825
2023-06-23,4348.33,-0.007688274822307051
2023-06-26,4328.82,-0.004496875789266497
2023-06-27,4378.41,0.011390657230512247
2023-06-28,4376.86,-0.0003540724651998062
2023-06-29,4396.44,0.004463550205313638
2023-06-30,4450.38,0.012194363266363695
2023-07-03,4455.59,0.0011700018289602099
2023-07-05,4446.82,-0.0019702536362675716
2023-07-06,4411.59,-0.007954065287478329
2023-07-07,4398.95,-0.002869292613603136
2023-07-10,4409.53,0.0024022317330238963
2023-07-11,4439.26,0.006719588071620208
2023-07-12,4472.16,0.0073838175010525475
2023-07-13,4510.04,0.008434509266770363
2023-07-14,4505.42,-0.0010249061954503702
2023-07-17,4522.79,0.0038479435973783893
2023-07-18,4554.98,0.007092079866133361
2023-07-19,4565.72,0.0023550834835130985
2023-07-20,4534.87,-0.006779806181850034
2023-07-21,4536.34,0.0003241023001034904
2023-07-24,4554.64,0.004025974035343438
2023-07-25,4567.46,0.0028107581456495723
2023-07-26,4566.75,-0.00015545953102247267
2023-07-27,4537.41,-0.006445427491140521
2023-07-28,4582.23,0.009829414508766732
2023-07-31,4588.96,0.0014676396864565788
2023-08-01,4576.73,-0.0026686495524472775
2023-08-02,4513.39,-0.013936235197657965
2023-08-03,4501.89,-0.002551225527671619
2023-08-04,4478.03,-0.005314091027456058
2023-08-07,4518.44,0.008983583955258112
2023-08-08,4499.38,-0.004227192022497661
2023-08-09,4467.71,-0.007063636404007312
2023-08-10,4468.83,0.0002506562955826297
2023-08-11,4464.05,-0.0010702036647138868
2023-08-14,4489.72,0.005733913274736935
2023-08-15,4437.86,-0.01161806073636562
2023-08-16,4404.33,-0.00758413033820915
2023-08-17,4370.36,-0.0077427623561252545
2023-08-18,4369.71,-0.00014874022775579476
2023-08-21,4399.77,0.006855621481268059
2023-08-22,4387.55,-0.002781282092231052
2023-08-23,4436.01,0.010984339030271073
2023-08-24,4376.31,-0.013549420207498386
2023-08-25,4405.71,0.006695523315476848
2023-08-28,4433.31,0.0062450565111582534
2023-08-29,4497.63,0.014404107984150372
2023-08-30,4514.87,0.003825802169906467
2023-08-31,4507.66,-0.0015982216816592398
2023-09-01,4515.77,0.0017975431036134637
2023-09-05,4496.83,-0.0042030108696096136
2023-09-06,4465.48,-0.006995992744252888
2023-09-07,4451.14,-0.0032164682050073168
2023-09-08,4457.49,0.0014255841976638095
2023-09-11,4487.46,0.006701012782986737
2023-09-12,4461.9,-0.005712155841120392
2023-09-13,4467.44,0.0012408533465713134
2023-09-14,4505.1,0.008394550741110507
2023-09-15,4450.32,-0.012234084667106515
2023-09-18,4453.53,0.0007210364368379629
2023-09-19,4443.95,-0.002153419552961111
2023-09-20,4402.2,-0.009439204623111763
2023-09-21,4330.0,-0.016536873951467967
2023-09-22,4320.06,-0.0022982509659392747
2023-09-25,4337.44,0.004015021275819208
2023-09-26,4273.53,-0.01484412871796259
2023-09-27,4274.51,0.00022929233000645866
2023-09-28,4299.7,0.005875776887473094
2023-09-29,4288.05,-0.00271316867551441
2023-10-02,4288.39,7.928697692172193e-05
2023-10-03,4229.45,-0.013839410161484267
2023-10-04,4263.75,0.008077093787001388
2023-10-05,4258.19,-0.0013048673867483984
2023-10-06,4308.5,0.011745628333713398
2023-10-09,4335.66,0.00628403208104622
2023-10-10,4358.24,0.0051944583608865
2023-10-11,4376.95,0.0042838286545681115
2023-10-12,4349.61,-0.006265948885271655
2023-10-13,4327.78,-0.005031477449687571
2023-10-16,4373.63,0.010538619453747344
2023-10-17,4373.2,-9.832133478049343e-05
2023-10-18,4314.6,-0.013490386223825368
2023-10-19,4278.0,-0.008519009694152757
2023-10-20,4224.16,-0.012665186185758515
2023-10-23,4217.04,-0.0016869643388464084
2023-10-24,4247.68,0.007239491399758435
2023-10-25,4186.77,-0.01444339793934546
2023-10-26,4137.23,-0.011903071819741484
2023-10-27,4117.37,-0.004811871761209119
2023-10-30,4166.82,0.011938544947970087
2023-10-31,4193.8,0.0064540892074660405
2023-11-01,4237.86,0.010451180679737604
2023-11-02,4317.78,0.018682956430735587
2023-11-03,4358.34,0.009349869637437891
2023-11-06,4365.98,0.0017514263468019209
2023-11-07,4378.38,0.00283611569324016
2023-11-08,4382.78,0.0010044332873562212
2023-11-09,4347.35,-0.008116762182437398
2023-11-10,4415.24,0.015495728650984475
2023-11-13,4411.55,-0.0008360910851976655
2023-11-14,4495.7,0.018895282757299015
2023-11-15,4502.88,0.0015958076771482865
2023-11-16,4508.24,0.0011896413835668085
2023-11-17,4514.02,0.0012812755985169844
2023-11-20,4547.38,0.0073631338909265764
2023-11-21,4538.19,-0.002022988790832514
2023-11-22,4556.62,0.004052866464977711
2023-11-24,4559.34,0.0005967555980319617
2023-11-27,4550.43,-0.001956142216799961
2023-11-28,4554.89,0.0009796471418237473
2023-11-29,4550.58,-0.0009466837674256823
2023-11-30,4567.8,0.003776991191685397
2023-12-01,4594.63,0.00585654170061467
2023-12-04,4569.78,-0.0054231665551185415
2023-12-05,4567.18,-0.0005691170958783687
2023-12-06,4549.34,-0.00391377911138413
2023-12-07,4585.59,0.00793661041331184
2023-12-08,4604.37,0.004087074621006437
2023-12-11,4622.44,0.003916851675080935
2023-12-12,4643.7,0.004588758060085851
2023-12-13,4707.09,0.013558420429298224
2023-12-14,4719.55,0.00264357337426091
2023-12-15,4719.19,-7.628136810033936e-05
2023-12-18,4740.56,0.004518097487249406
2023-12-19,4768.37,0.005849255234901207
2023-12-20,4698.35,-0.014793144174520378
2023-12-21,4746.75,0.010248790092495241
2023-12-22,4754.63,0.0016587067997893001
2023-12-26,4774.75,0.004222736399949412
2023-12-27,4781.58,0.0014294192776826975
2023-12-28,4783.35,0.0003701020331980942
2023-12-29,4769.83,-0.002830472999853839
2024-01-02,4742.83,-0.0056766608929663676
2024-01-03,4704.81,-0.008048614308973967
2024-01-04,4688.68,-0.003434296699870387
2024-01-05,4697.24,0.0018240092336760938
2024-01-08,4763.54,0.01401598713236396
2024-01-09,4756.5,-0.0014789856520085465
2024-01-10,4783.45,0.005649939819610594
2024-01-11,4780.24,-0.0006712890360400792
2024-01-12,4783.83,0.0007507264519421852
2024-01-16,4765.98,-0.003738298623245484
2024-01-17,4739.21,-0.0056327271267555545
2024-01-18,4780.94,0.008766724739531995
2024-01-19,4839.81,0.012238283870230404
2024-01-22,4850.43,0.0021918970535104165
2024-01-23,4864.6,0.002917131506229964
2024-01-24,4868.55,0.0008116591682760799
2024-01-25,4894.16,0.0052465060919910655
2024-01-26,4890.97,-0.0006520097562336957
2024-01-29,4927.93,0.0075283737614562085
2024-01-30,4924.97,-0.0006008383499374048
2024-01-31,4845.65,-0.016236787963986643
2024-02-01,4906.19,0.012416277903485096
2024-02-02,4958.61,0.010627786351802726
2024-02-05,4942.81,-0.0031914641356145523
2024-02-06,4954.23,0.002307761728426172
2024-02-07,4995.06,0.008207666921331125
2024-02-08,4997.91,0.0005704010073621646
2024-02-09,5026.61,0.00572597559086141
2024-02-12,5021.84,-0.0009494002275562963
2024-02-13,4953.17,-0.013768624761212322
2024-02-14,5000.62,0.009534129096895327
2024-02-15,5029.73,0.005804399991795606
2024-02-16,5005.57,-0.0048150123419912205
2024-02-20,4975.51,-0.006023414477223099
2024-02-21,4981.8,0.0012633935945860486
2024-02-22,5087.03,0.02090289169482773
2024-02-23,5088.8,0.00034788317372758115
2024-02-26,5069.53,-0.00379393524610272
2024-02-27,5078.18,0.0017048185442885
2024-02-28,5069.76,-0.0016594504761027196
2024-02-29,5096.27,0.005215420393339443
2024-03-01,5137.08,0.00797592505779221
2024-03-04,5130.95,-0.001193997432469729
2024-03-05,5078.65,-0.010245348981573699
2024-03-06,5104.76,0.005127959537251314
2024-03-07,5157.36,0.01025138288139793
2024-03-08,5123.69,-0.006549938065646188
2024-03-11,5117.94,-0.001122868255180265
2024-03-12,5175.27,0.011139497364013096
2024-03-13,5165.31,-0.001926391571869246
2024-03-14,5150.48,-0.002875205915668033
2024-03-15,5117.09,-0.006503996116926203
2024-03-18,5149.42,0.006298168875158439
2024-03-19,5178.51,0.0056332831318908205
2024-03-20,5224.62,0.008864697827339896
2024-03-21,5241.53,0.0032313725131380977
2024-03-22,5234.18,-0.001403246406415093
2024-03-25,5218.19,-0.003059595569942175
2024-03-26,5203.58,-0.0028037482252578627
2024-03-27,5248.49,0.008593565940708814
2024-03-28,5254.35,0.001115888770669926
2024-04-01,5243.77,-0.0020155996658246522
2024-04-02,5205.81,-0.007265395734467717
2024-04-03,5211.49,0.0010904938060498637
2024-04-04,5147.21,-0.01241098305745858
2024-04-05,5204.34,0.011038072569657942
2024-04-08,5202.39,-0.00037475749305038164
2024-04-09,5209.91,0.0014444457627025287
2024-04-10,5160.64,-0.009501978333886996
2024-04-11,5199.06,0.007417237205871174
2024-04-12,5123.41,-0.014657607029448627
2024-04-15,5061.82,-0.012094130563305328
2024-04-16,5051.41,-0.002058690186348855
2024-04-17,5022.21,-0.005797336366097028
2024-04-18,5011.12,-0.0022106328639264206
2024-04-19,4967.23,-0.008797102336545848
2024-04-22,5010.6,0.00869332773488729
2024-04-23,5070.55,0.011893624576652329
2024-04-24,5071.63,0.00021297196541247843
2024-04-25,5048.42,-0.004586941901457919
2024-04-26,5099.96,0.010157373516559431
2024-04-29,5116.17,0.003173415687477643
2024-04-30,5035.69,-0.015855554753445134
2024-05-01,5018.39,-0.003441392364873508
2024-05-02,5064.2,0.009087013401336108
2024-05-03,5127.79,0.01247858860899953
2024-05-06,5180.74,0.010273136069377742
2024-05-07,5187.7,0.0013425358193490666
2024-05-08,5187.67,-5.7829262942732385e-06
2024-05-09,5214.08,0.0050780025958907515
2024-05-10,5222.68,0.001648021406346345
2024-05-13,5221.42,-0.0002412845541712727
2024-05-14,5246.68,0.0048261000617184635
2024-05-15,5308.15,0.011647879688046814
2024-05-16,5297.1,-0.002083874307301059
2024-05-17,5303.27,0.0011641104408202096
2024-05-20,5308.13,0.0009159960683451374
2024-05-21,5321.41,0.0024986983273898034
2024-05-22,5307.01,-0.0027097176835475523
2024-05-23,5267.84,-0.007408176785643761
2024-05-24,5304.72,0.006976578915070419
2024-05-28,5306.04,0.00024880404548
2024-05-29,5266.95,-0.007394346936504093
2024-05-30,5235.48,-0.0059929167225423186
2024-05-31,5277.51,0.007995864911521267
2024-06-03,5283.4,0.0011154342969863507
2024-06-04,5291.34,0.0015016920495654063
2024-06-05,5354.03,0.011778026448059364
2024-06-06,5352.96,-0.0001998694317570937
2024-06-07,5346.99,-0.001115893180715588
2024-06-10,5360.79,0.0025775665246072776
2024-06-11,5375.32,0.002706754843456949
2024-06-12,5421.03,0.008467727171883155
2024-06-13,5433.74,0.0023418286723053683
2024-06-14,5431.6,-0.00039391312700232106
2024-06-17,5473.23,0.007635185920104703
2024-06-18,5487.03,0.002518189767846124
2024-06-20,5473.17,-0.002529152276068203
2024-06-21,5464.62,-0.0015633874377698476
2024-06-24,5447.87,-0.0030698792217993542
2024-06-25,5469.3,0.003925930900576802
2024-06-26,5477.9,0.0015711783413401292
2024-06-27,5482.87,0.0009068706560970696
2024-06-28,5460.48,-0.004091988512145761
2024-07-01,5475.09,0.002672015942936312
2024-07-02,5509.01,0.006176219776783398
2024-07-03,5537.02,0.005071516198198012
2024-07-05,5567.19,0.005433988413196644
2024-07-08,5572.85,0.0010161544279974066
2024-07-09,5576.98,0.0007408185037576231
2024-07-10,5633.91,0.010156283642139385
2024-07-11,5584.54,-0.008801629230175578
2024-07-12,5615.35,0.005501853628775422
2024-07-15,5631.22,0.0028221956620431143
2024-07-16,5667.2,0.006369053660041146
2024-07-17,5588.27,-0.014025410555021267
2024-07-18,5544.59,-0.00784708046968241
2024-07-19,5505.0,-0.007165907407030048
2024-07-22,5564.41,0.010734189165974684
2024-07-23,5555.74,-0.0015593317997986134
2024-07-24,5427.13,-0.0234211784438898
2024-07-25,5399.22,-0.005155950404247989
2024-07-26,5459.1,0.011029442312487703
2024-07-29,5463.54,0.0008129903108695657
2024-07-30,5436.44,-0.004972496433737206
2024-07-31,5522.3,0.015670005291918088
2024-08-01,5446.68,-0.013788191433052432
2024-08-02,5346.56,-0.018552885294603527
2024-08-05,5186.33,-0.030427045496882243
2024-08-06,5240.03,0.010300905557720341
2024-08-07,5199.5,-0.007764756389251559
2024-08-08,5319.31,0.022781128575607212
2024-08-09,5344.16,0.004660780212150328
2024-08-12,5344.39,4.3036707511490135e-05
2024-08-13,5434.43,0.016707226654933294
2024-08-14,5455.21,0.0038164760676338005
2024-08-15,5543.22,0.016004444012784447
2024-08-16,5554.25,0.001987841126329215
2024-08-19,5608.25,0.009675327436177383
2024-08-20,5597.12,-0.0019865481747167735
2024-08-21,5620.85,0.004230718284185642
2024-08-22,5570.64,-0.00897294942546445
2024-08-23,5634.61,0.011417986208501318
2024-08-26,5616.84,-0.0031587066155740473
2024-08-27,5625.8,0.0015939320118754097
2024-08-28,5592.18,-0.0059939669454234235
2024-08-29,5591.96,-3.934142455719325e-05
2024-08-30,5648.4,0.010042467382856302
2024-09-03,5528.93,-0.021378012454581707
2024-09-04,5520.07,-0.0016037653903602234
2024-09-05,5503.41,-0.0030226412501868083
2024-09-06,5408.42,-0.017410901670867673
2024-09-09,5471.05,0.011513555690020993
2024-09-10,5495.52,0.004462660724490419
2024-09-11,5554.13,0.010608580303038906
2024-09-12,5595.76,0.007467372942029371
2024-09-13,5626.02,0.00539309687837175
2024-09-16,5633.09,0.0012558720767881226
2024-09-17,5634.58,0.00026447349073777104
2024-09-18,5618.26,-0.002900603126386514
2024-09-19,5713.64,0.016834291247587174
2024-09-20,5702.55,-0.001942855451501302
2024-09-23,5718.57,0.0028053309143558636
2024-09-24,5732.93,0.002507969702996604
2024-09-25,5722.26,-0.0018629115860662182
2024-09-26,5745.37,0.0040304808028714945
2024-09-27,5738.17,-0.0012539688882462485
2024-09-30,5762.48,0.004227593432856835
2024-10-01,5708.75,-0.009367852083837391
2024-10-02,5709.54,0.00013837448536691
2024-10-03,5699.94,-0.001682811533125772
2024-10-04,5751.07,0.008930275984438296
2024-10-07,5695.94,-0.009632284107421896
2024-10-08,5751.13,0.00964271689419327
2024-10-09,5792.04,0.007088203896394418
2024-10-10,5780.05,-0.002072227971014584
2024-10-11,5815.03,0.006033611862784838
2024-10-14,5859.85,0.007678060962994948
2024-10-15,5815.26,-0.007638509068755184
2024-10-16,5842.47,0.004668155706577082
2024-10-17,5841.47,-0.00017117513483455582
2024-10-18,5864.67,0.0039637370431258034
2024-10-21,5853.98,-0.00182444274130944
2024-10-22,5851.2,-0.0004750033835065892
2024-10-23,5797.42,-0.009233777411951749
2024-10-24,5809.86,0.002143483186927142
2024-10-25,5808.12,-0.00029953572187402244
2024-10-28,5823.52,0.0026479514493722434
2024-10-29,5832.92,0.001612842692562566
2024-10-30,5813.67,-0.0033056916281388737
2024-10-31,5705.45,-0.0187901825995187
2024-11-01,5728.8,0.004084226330235197
2024-11-04,5712.69,-0.0028160686495120046
2024-11-05,5782.76,0.012191061302749162
2024-11-06,5929.04,0.024981233838897055
2024-11-07,5973.1,0.007403744412988189
2024-11-08,5995.54,0.0037498038698000613
2024-11-11,6001.35,0.0009685844338367389
2024-11-12,5983.99,-0.0028968743715669376
2024-11-13,5985.38,0.00023225951010807933
2024-11-14,5949.17,-0.006068115029117749
2024-11-15,5870.62,-0.01329146396056835
2024-11-18,5893.62,0.00391015982410714
2024-11-19,5916.98,0.0039557737052682285
2024-11-20,5917.11,2.1970426116624253e-05
2024-11-21,5948.71,0.00532623530517462
2024-11-22,5969.34,0.003461979200411136
2024-11-25,5987.37,0.0030158820722512303
2024-11-26,6021.63,0.005705736188806654
2024-11-27,5998.74,-0.00380853961537575
2024-11-29,6032.38,0.005592178893918387
2024-12-02,6047.15,0.0024454606033064152
2024-12-03,6049.88,0.0004513504631038501
2024-12-04,6086.49,0.006033123750501801
2024-12-05,6075.11,-0.0018714648272304402
2024-12-06,6090.27,0.002492319655841513
2024-12-09,6052.85,-0.006163180212196195
2024-12-10,6034.91,-0.0029682940713744443
2024-12-11,6084.19,0.008132661932885199
2024-12-12,6051.25,-0.005428741091956013
2024-12-13,6051.09,-2.644116757721804e-05
2024-12-16,6074.08,0.0037921163249592382
2024-12-17,6050.61,-0.0038714440227618496
2024-12-18,5872.16,-0.029936554508987356
2024-12-19,5867.08,-0.0008654734577540069
2024-12-20,5930.85,0.01081047625241105
2024-12-23,5974.07,0.007260895475461382
2024-12-24,6040.04,0.010982197273833094
2024-12-26,6037.59,-0.0004057087414679472
2024-12-27,5970.84,-0.011117304675595463
2024-12-30,5906.94,-0.010759690191102678
2024-12-31,5881.63,-0.004293996454133975
2025-01-02,5868.55,-0.00222634979255254
2025-01-03,5942.47,0.012517287272657995
2025-01-06,5975.38,0.0055228222624901235
2025-01-07,5909.03,-0.011166004769812332
2025-01-08,5918.25,0.001559107735282339
2025-01-10,5827.04,-0.01553164435389398
2025-01-13,5836.22,0.0015741742695762895
2025-01-14,5842.91,0.0011456334044925853
2025-01-15,5949.91,0.01814713298542614
2025-01-16,5937.34,-0.0021148717634655867
2025-01-17,5996.66,0.009941425935723558
2025-01-21,6049.24,0.008729996752231628
2025-01-22,6086.37,0.0061192005774426406
2025-01-23,6118.71,0.005299445097723066
2025-01-24,6101.24,-0.0028592607828965555
2025-01-27,6012.28,-0.014687984883634542
2025-01-28,6067.7,0.009175576254676798
2025-01-29,6039.31,-0.004689853570095437
2025-01-30,6071.17,0.0052615707224354935
2025-01-31,6040.53,-0.005059581291424919
2025-02-03,5994.57,-0.007637696973120001
2025-02-04,6037.88,0.007198897488333245
2025-02-05,6061.48,0.0039010377290882303
2025-02-06,6083.57,0.003637700027498525
2025-02-07,6025.99,-0.00950991348210728
2025-02-10,6066.44,0.006690160848149773
2025-02-11,6068.5,0.0003395154850025506
2025-02-12,6051.97,-0.002727618689451816
2025-02-13,6115.07,0.010372377459622939
2025-02-14,6114.63,-7.195597605580417e-05
2025-02-18,6129.58,0.0024419717448793676
2025-02-19,6144.15,0.0023741775065797555
2025-02-20,6117.52,-0.004343623971148958
2025-02-21,6013.13,-0.01721137399126249
2025-02-24,5983.25,-0.004981513054854503
2025-02-25,5955.25,-0.004690715138396584
2025-02-26,5956.06,0.0001360051919139238
2025-02-27,5861.57,-0.015991702852089063
2025-02-28,5954.5,0.01572975043189828
2025-03-03,5849.72,-0.01775343937549323
2025-03-04,5778.15,-0.01231023460336722
2025-03-05,5842.63,0.011097475685101443
2025-03-06,5738.52,-0.017979700568309553
2025-03-07,5770.2,0.005505404600508967
2025-03-10,5614.56,-0.027343518375984033
2025-03-11,5572.07,-0.007596604935653062
2025-03-12,5599.3,0.004874971275235396
2025-03-13,5521.52,-0.013988405225353162
2025-03-14,5638.94,0.02104291988140794
2025-03-17,5675.12,0.006395603934347349
2025-03-18,5614.66,-0.010710674253909147
2025-03-19,5675.29,0.010740629118979328
2025-03-20,5662.89,-0.002187300773803358
2025-03-21,5667.56,0.0008243274123156397
2025-03-24,5767.57,0.017492157944607456
2025-03-25,5776.65,0.0015730819184724965
2025-03-26,5712.2,-0.01121969145510704
2025-03-27,5693.31,-0.003312437106650634
2025-03-28,5580.94,-0.019934580336265384
2025-03-31,5611.85,0.005523212456949977
2025-04-01,5633.07,0.0037741531622366153
2025-04-02,5670.97,0.006705592339420363
2025-04-03,5396.52,-0.04960587756339585
2025-04-04,5074.08,-0.06160907367588031
2025-04-07,5062.25,-0.002334179209082521
2025-04-08,4982.77,-0.01582508719681286
2025-04-09,5456.9,0.09089490164871528
2025-04-10,5268.05,-0.035220587845119056
2025-04-11,5363.36,0.01793036925211311
2025-04-14,5405.97,0.007913254093152133
2025-04-15,5396.63,-0.0017292137684190578
2025-04-16,5275.7,-0.02266331270099542
2025-04-17,5282.7,0.0013259586728278094
2025-04-21,5158.2,-0.023849649226388436
2025-04-22,5287.76,0.024807034313980125
2025-04-23,5375.86,0.01652384547479535
2025-04-24,5484.77,0.02005659908960844
2025-04-25,5525.21,0.007346095426564503
2025-04-28,5528.75,0.0006404944691347225
2025-04-29,5560.83,0.005785627496395662
2025-04-30,5569.06,0.001478900779794401
2025-05-01,5604.14,0.006279331841724911
2025-05-02,5686.67,0.014619229243407972
2025-05-05,5650.38,-0.0064020400278312906
2025-05-06,5606.91,-0.007723033885545405
2025-05-07,5631.28,0.004337004125959609
2025-05-08,5663.94,0.0057829933406665646
2025-05-09,5659.91,-0.000711772086374296
2025-05-12,5844.19,0.032040014309449916
2025-05-13,5886.55,0.0072220821737154495
2025-05-14,5892.58,0.0010238448046244741
2025-05-15,5916.93,0.004123800988772075
2025-05-16,5958.38,0.0069808987439632375
2025-05-19,5963.6,0.0008756935229854435
2025-05-20,5940.46,-0.003887754118519382
2025-05-21,5844.61,-0.016266702451147808
2025-05-22,5842.01,-0.0004449532958030744
2025-05-23,5802.82,-0.006730909417987263
2025-05-27,5921.54,0.020252543913121812
2025-05-28,5888.55,-0.0055867628115837675
2025-05-29,5912.17,0.004003150916718212
2025-05-30,5911.69,-8.119175975807025e-05
2025-06-02,5935.94,0.004093651450133962
2025-06-03,5970.37,0.005783504036175557
2025-06-04,5970.81,7.369455953210036e-05
2025-06-05,5939.3,-0.005291315280564035
2025-06-06,6000.36,0.01022818611570031
2025-06-09,6005.88,0.0009195219134294774
2025-06-10,6038.81,0.0054679833266551015
2025-06-11,6022.24,-0.002747689533666886
2025-06-12,6045.26,0.0038152107599636054
2025-06-13,5976.97,-0.01136074330540815
2025-06-16,6033.11,0.009348881754855043
2025-06-17,5982.72,-0.008387318295762114
2025-06-18,5980.87,-0.0003092717177288762
2025-06-20,5967.84,-0.0021809894398643337
2025-06-23,6025.17,0.009560641855696161
2025-06-24,6092.18,0.011060286796933383
2025-06-25,6092.16,-3.2829024796399153e-06
2025-06-26,6141.02,0.00798815349977744
2025-06-27,6173.07,0.005205430912106124
2025-06-30,6204.95,0.005151077553744443
2025-07-01,6198.01,-0.0011190878184379471
2025-07-02,6227.42,0.004733849037258153
2025-07-03,6279.35,0.008304350113371939
2025-07-07,6229.98,-0.007893349417233964
2025-07-08,6225.52,-0.0007161495228000803
2025-07-09,6263.26,0.0060438433346767795
2025-07-10,6280.46,0.002742409872004359
2025-07-11,6259.75,-0.0033029779929130143
2025-07-14,6268.56,0.0014064149836947593
2025-07-15,6243.76,-0.003964098180953002
2025-07-16,6263.7,0.003188499806256573
2025-07-17,6297.36,0.005359433132147373
2025-07-18,6296.79,-9.051821685268635e-05
2025-07-21,6305.6,0.0013981477220053051
2025-07-22,6309.62,0.0006373254110627613
2025-07-23,6358.91,0.00778152614671157
2025-07-24,6363.35,0.00069798922208264
2025-07-25,6388.64,0.003966444948062531
2025-07-28,6389.77,0.00017686081491241623
2025-07-29,6370.86,-0.002963805680808562
2025-07-30,6362.9,-0.0012502200507658046
2025-07-31,6339.39,-0.0037016989606790673
2025-08-01,6238.01,-0.016121328046944328
2025-08-04,6329.94,0.014629536175940316
2025-08-05,6299.19,-0.004869703735275621
2025-08-06,6345.06,0.00725550368351513
2025-08-07,6340.0,-0.0007977889372803304
2025-08-08,6389.45,0.007769424248420975
2025-08-11,6373.45,-0.002507268470623103
2025-08-12,6445.76,0.01128162608098826
2025-08-13,6466.58,0.0032248249415864905
2025-08-14,6468.54,0.0003030509210582011
2025-08-15,6449.8,-0.002901303595573168
2025-08-18,6449.15,-0.00010078339718333496
2025-08-19,6411.37,-0.005875362532782091
2025-08-20,6395.78,-0.0024345787627044757
2025-08-21,6370.17,-0.004012241056242871
2025-08-22,6466.91,0.015072248733122962
2025-08-25,6439.32,-0.00427546108007526
2025-08-26,6465.94,0.004125455473914741
2025-08-27,6481.4,0.0023881364585491838
2025-08-28,6501.86,0.0031517534019496196
2025-08-29,6460.26,-0.006418725150927784
2025-09-02,6415.54,-0.006946392429263426
2025-09-03,6448.26,0.005087154738689037
2025-09-04,6502.08,0.008311798740471943
2025-09-05,6481.5,-0.0031701606545500027
2025-09-08,6495.15,0.00210377948614493
2025-09-09,6512.61,0.002684552987744837
2025-09-10,6532.04,0.0029790012563317703
2025-09-11,6587.47,0.00845006098923129
2025-09-12,6584.29,-0.0004828512001093799
2025-09-15,6615.28,0.004695616136135783
2025-09-16,6606.76,-0.001288757435196075
2025-09-17,6600.35,-0.0009706893488914403
2025-09-18,6631.96,0.004777708522363255
2025-09-19,6664.36,0.00487353856235373
2025-09-22,6693.75,0.004400330199851865
2025-09-23,6656.92,-0.0055173400928314464
2025-09-24,6637.97,-0.0028507212670838555
2025-09-25,6604.72,-0.0050216489054655256
2025-09-26,6643.7,0.005884492261081675
2025-09-29,6661.21,0.0026321125222388275
2025-09-30,6688.46,0.004082503589616593
2025-10-01,6711.2,0.0033941192284689947
2025-10-02,6715.35,0.0006181781816128051
2025-10-03,6715.79,6.551938259136136e-05
2025-10-06,6740.28,0.003639996973882731
2025-10-07,6714.59,-0.0038186963112334382
2025-10-08,6753.72,0.005810693412792389
2025-10-09,6735.11,-0.0027593218696981836
2025-10-10,6552.51,-0.027485959970572793
2025-10-13,6654.72,0.01547819498378189
2025-10-14,6644.31,-0.0015655280311612785
2025-10-15,6671.06,0.004017918538789189
2025-10-16,6629.07,-0.00631424497513855
2025-10-17,6664.01,0.005256882598063228
2025-10-20,6735.13,0.01061570636531961
2025-10-21,6735.35,3.2664017913575094e-05
2025-10-22,6699.4,-0.0053518056988171026
2025-10-23,6738.44,0.005810473980595532
2025-10-24,6791.69,0.007871361907069385
2025-10-27,6875.16,0.012215109973364946
2025-10-28,6890.89,0.0022853333884658156
2025-10-29,6890.59,-4.3536688373535526e-05
2025-10-30,6822.34,-0.009954191197687479
2025-10-31,6840.2,0.0026144494615607528
2025-11-03,6851.97,0.0017192311955085415
2025-11-04,6771.55,-0.011806190194192823
2025-11-05,6796.29,0.0036468630849650907
2025-11-06,6720.32,-0.011241102610423326
2025-11-07,6728.8,0.0012610492171649668
2025-11-10,6832.43,0.015283571949666452
2025-11-11,6846.61,0.002073245648702482
2025-11-12,6850.92,0.0006293105606971494
2025-11-13,6737.49,-0.016695497821197947
2025-11-14,6734.11,-0.0005017963821565274
2025-11-17,6672.41,-0.009204541614053596
2025-11-18,6617.32,-0.00829065986303057
2025-11-19,6642.16,0.003746757649478738
2025-11-20,6538.76,-0.01568966674838812
2025-11-21,6602.99,0.009775031702355719
2025-11-24,6705.12,0.015348836917048914
2025-11-25,6765.88,0.009020920798512577
2025-11-26,6812.61,0.006882972184270031
2025-11-28,6849.09,0.0053404900859028714
2025-12-01,6812.63,-0.00533755435779959
2025-12-02,6829.37,0.0024541868350880236
2025-12-03,6849.72,0.0029753463150949955
2025-12-04,6857.12,0.0010797529874064793
2025-12-05,6870.4,0.001934800188635677
2025-12-08,6846.51,-0.003483295312932455
2025-12-09,6840.51,-0.0008767431309877338
2025-12-10,6886.68,0.006726820871525874
2025-12-11,6901.0,0.0020772175085355116
2025-12-12,6827.41,-0.010720936344245757
2025-12-15,6816.51,-0.0015977816227152886
2025-12-16,6800.26,-0.0023867639262764584
2025-12-17,6721.43,-0.011659917229323469
2025-12-18,6774.76,0.007903012268158705
2025-12-19,6834.5,0.00877937282650798
2025-12-22,6878.49,0.0064158365019491015
2025-12-23,6909.79,0.004540095467190142
2025-12-24,6932.05,0.0032163381731979968
2025-12-26,6929.94,-0.0003044295972358668
2025-12-29,6905.74,-0.003498205318253511
2025-12-30,6896.24,-0.00137661429740632
2025-12-31,6845.5,-0.007384833448339734
2026-01-02,6858.47,0.0018928827007993476
2026-01-05,6902.05,0.006334084134120843
2026-01-06,6944.82,0.006177589017273277
2026-01-07,6920.93,-0.003445904280642509
2026-01-08,6921.46,7.657637160285446e-05
2026-01-09,6966.28,0.006454636335169184
2026-01-12,6977.27,0.0015763564193846946
2026-01-13,6963.74,-0.001941036445421318
2026-01-14,6926.6,-0.005347614026380398
2026-01-15,6944.47,0.002576587081787096
2026-01-16,6940.01,-0.0006424439595011933
2026-01-20,6796.86,-0.020842474609839456
2026-01-21,6875.62,0.011521080474656387
2026-01-22,6913.35,0.00547250362606988
2026-01-23,6915.61,0.00032685032281776216
2026-01-26,6950.23,0.004993577300732355
2026-01-27,6978.6,0.004073571036609991
2026-01-28,6978.03,-8.168160943178293e-05
2026-01-29,6969.01,-0.0012934646000264394
2026-01-30,6939.03,-0.0043111820838497295
2026-02-02,6976.44,0.005376762714528027
2026-02-03,6917.81,-0.008439512459453624
2026-02-04,6882.72,-0.005085322899976319
2026-02-05,6798.4,-0.012326632274291427
2026-02-06,6932.3,0.019504358091879226
2026-02-09,6964.82,0.004680114924299872
2026-02-10,6941.81,-0.003309215963660961
2026-02-11,6941.47,-4.897978000428793e-05
2026-02-12,6832.76,-0.015784876133702497
2026-02-13,6836.17,0.0004989417709708732
2026-02-17,6843.22,0.0010307478073485754
2026-02-18,6881.31,0.005550659701347271
2026-02-19,6861.89,-0.0028261268009792673
2026-02-20,6909.51,0.006915809547171747
2026-02-23,6837.75,-0.010439993392095559
2026-02-24,6890.07,0.007622514474642017
2026-02-25,6946.13,0.00810342532877506
2026-02-26,6908.86,-0.00538002407756899
2026-02-27,6878.88,-0.004348797881100097
2026-03-02,6881.62,0.00039824134823795987
2026-03-03,6816.63,-0.009488874510841683
2026-03-04,6869.5,0.007726108548736121
2026-03-05,6830.71,-0.0056627020540442885
2026-03-06,6740.02,-0.013365729048958386
2026-03-09,6795.99,0.008269840075943335
2026-03-10,6781.48,-0.0021373651385516723
2026-03-11,6775.8,-0.0008379262407114396
2026-03-12,6672.62,-0.015344854576946787
2026-03-13,6632.19,-0.006077520001309011
2026-03-16,6699.38,0.010079918404358068
2026-03-17,6716.09,0.002491155157688496
2026-03-18,6624.7,-0.01370105213122308
2026-03-19,6606.49,-0.002752588617910945
2026-03-20,6506.48,-0.01525389582947767
2026-03-23,6581.0,0.011388106093258799
2026-03-24,6556.37,-0.0037496133331575976
2026-03-25,6591.9,0.005404526448369751
2026-03-26,6477.16,-0.017559479899018626
2026-03-27,6368.85,-0.016863223156244445
2026-03-30,6343.72,-0.003953572367091596
2026-03-31,6528.52,0.028714924185273105
2026-04-01,6575.32,0.00714297472893044
2026-04-02,6582.69,0.0011202303039326011
2026-04-06,6611.83,0.004416992414478571
2026-04-07,6616.85,0.000758957090345902
2026-04-08,6782.81,0.024772044477339605
2026-04-09,6824.66,0.006151052613166286
2026-04-10,6816.89,-0.0011391668601081761
2026-04-13,6886.24,0.01012186151436012
2026-04-14,6967.38,0.011714039770858165
2026-04-15,7022.95,0.007944100281507716
